@context,@type,entry_id,term,iast,category,frequency_target,nakshatra_alignment,nakshatra_planet,nakshatra_goddess,guna,healing_focus,suggested_raga,mantra_seed,meaning,resonance_quality,timestamp
https://schema.org,CreativeWork,SAN-0001,Chitsthiti,chitsthiti,Shringara,107.7,['Ashwini'],Ketu,Ashwini Kumaras,Sattva,Saṃvedana (intuition),Puriya Dhanashree,Oṁ chitsthitiye namaḥ,"love, beauty, devotion · pure, harmonious, balanced · sacred vibration",High Frequency,2026-05-11T11:12:43.982273
https://schema.org,CreativeWork,SAN-0002,Adipada,adipada,Hasya,110.4,['Bharani'],Venus,Yama,Rajas,Mūla śodhana (root),Malkauns,Oṁ adipadaya namaḥ,"laughter, joy, mirth · active, passionate, dynamic · sacred vibration",Medium Frequency,2026-05-11T11:12:43.982323
https://schema.org,CreativeWork,SAN-0003,Vedagata,vedagata,Karuna,111.7,['Krittika'],Sun,Agni,Tamas,Mūla śodhana (root),Bhairav,Oṁ vedagataya namaḥ,"compassion, mercy, empathy · stable, inert, grounded · sacred vibration",High Frequency,2026-05-11T11:12:43.982342
https://schema.org,CreativeWork,SAN-0004,Adilaya,adilaya,Raudra,114.2,['Rohini'],Moon,Prajapati,Sattva,Paitṛka (ancestral),Shankara,Oṁ adilayaya namaḥ,"fury, anger, intensity · pure, harmonious, balanced · sacred vibration",Medium Frequency,2026-05-11T11:12:43.982357
https://schema.org,CreativeWork,SAN-0005,Svatva,svatva,Vira,115.7,['Mrigashira'],Mars,Soma,Rajas,Śravaṇa (learning),Puriya Dhanashree,Oṁ svatvaya namaḥ,"heroism, courage, valor · active, passionate, dynamic · sacred vibration",High Frequency,2026-05-11T11:12:43.982372
https://schema.org,CreativeWork,SAN-0006,Chitsthiti,chitsthiti,Bhayanaka,117.7,['Ardra'],Rahu,Rudra,Tamas,Navīkaraṇa (renewal),Desh,Oṁ chitsthitiye namaḥ,"fear, terror, awe · stable, inert, grounded · sacred vibration",High Frequency,2026-05-11T11:12:43.982386
https://schema.org,CreativeWork,SAN-0007,Atmatva,atmatva,Bibhatsa,120.3,['Punarvasu'],Jupiter,Aditi,Sattva,Kauśala (creativity),Yaman,Oṁ atmatvaya namaḥ,"aversion, disgust, repulsion · pure, harmonious, balanced · sacred vibration",Medium Frequency,2026-05-11T11:12:43.982399
https://schema.org,CreativeWork,SAN-0008,Pranalaya,pranalaya,Adbhuta,121.5,['Pushya'],Saturn,Brihaspati,Rajas,Dhana (wealth),Desh,Oṁ pranalayaya namaḥ,"wonder, amazement, curiosity · active, passionate, dynamic · sacred vibration",Deep Frequency,2026-05-11T11:12:43.982412
https://schema.org,CreativeWork,SAN-0009,Pranakara,pranakara,Shanta,123.8,['Ashlesha'],Mercury,Sarpas,Tamas,Paitṛka (ancestral),Marwa,Oṁ pranakaraya namaḥ,"peace, tranquility, stillness · stable, inert, grounded · sacred vibration",Deep Frequency,2026-05-11T11:12:43.982431
https://schema.org,CreativeWork,SAN-0010,Mahalaya,mahalaya,Shringara,126.2,['Magha'],Ketu,Pitrs,Sattva,Kauśala (creativity),Ahir Bhairav,Oṁ mahalayaya namaḥ,"love, beauty, devotion · pure, harmonious, balanced · sacred vibration",Deep Frequency,2026-05-11T11:12:43.982444
https://schema.org,CreativeWork,SAN-0011,Brahmananda,brahmananda,Hasya,128.2,['Purva Phalguni'],Venus,Bhaga,Rajas,Saṃvedana (intuition),Khamaj,Oṁ brahmanandaya namaḥ,"laughter, joy, mirth · active, passionate, dynamic · sacred vibration",Deep Frequency,2026-05-11T11:12:43.982456
https://schema.org,CreativeWork,SAN-0012,Mahagata,mahagata,Karuna,129.9,['Uttara Phalguni'],Sun,Aryaman,Tamas,Vaivāhika (marriage),Kafi,Oṁ mahagataya namaḥ,"compassion, mercy, empathy · stable, inert, grounded · sacred vibration",High Frequency,2026-05-11T11:12:43.982470
https://schema.org,CreativeWork,SAN-0013,Paralaya,paralaya,Raudra,132.5,['Hasta'],Moon,Savitr,Sattva,Śodhana (purification),Desh,Oṁ paralayaya namaḥ,"fury, anger, intensity · pure, harmonious, balanced · sacred vibration",Deep Frequency,2026-05-11T11:12:43.982482
https://schema.org,CreativeWork,SAN-0014,Pranarupa,pranarupa,Vira,134.1,['Chitra'],Mars,Vishwakarma,Rajas,Parivartana (transformation),Shankara,Oṁ pranarupaya namaḥ,"heroism, courage, valor · active, passionate, dynamic · sacred vibration",High Frequency,2026-05-11T11:12:43.982495
https://schema.org,CreativeWork,SAN-0015,Aditva,aditva,Bhayanaka,135.7,['Swati'],Rahu,Vayu,Tamas,Ārogya (healing),Marwa,Oṁ aditvaya namaḥ,"fear, terror, awe · stable, inert, grounded · sacred vibration",Medium Frequency,2026-05-11T11:12:43.982507
https://schema.org,CreativeWork,SAN-0016,Svakara,svakara,Bibhatsa,138.3,['Vishakha'],Jupiter,Indra-Agni,Sattva,Dhana (wealth),Ahir Bhairav,Oṁ svakaraya namaḥ,"aversion, disgust, repulsion · pure, harmonious, balanced · sacred vibration",High Frequency,2026-05-11T11:12:43.982520
https://schema.org,CreativeWork,SAN-0017,Paramaya,paramaya,Adbhuta,140.1,['Anuradha'],Saturn,Mitra,Rajas,Śravaṇa (learning),Yaman,Oṁ paramayaya namaḥ,"wonder, amazement, curiosity · active, passionate, dynamic · sacred vibration",Medium Frequency,2026-05-11T11:12:43.982533
https://schema.org,CreativeWork,SAN-0018,Mahananda,mahananda,Shanta,141.9,['Jyeshtha'],Mercury,Indra,Tamas,Ārogya (healing),Yaman,Oṁ mahanandaya namaḥ,"peace, tranquility, stillness · stable, inert, grounded · sacred vibration",Medium Frequency,2026-05-11T11:12:43.982545
https://schema.org,CreativeWork,SAN-0019,Mahakara,mahakara,Shringara,144.1,['Mula'],Ketu,Nirriti,Sattva,Vaivāhika (marriage),Ahir Bhairav,Oṁ mahakaraya namaḥ,"love, beauty, devotion · pure, harmonious, balanced · sacred vibration",High Frequency,2026-05-11T11:12:43.982560
https://schema.org,CreativeWork,SAN-0020,Parakara,parakara,Hasya,146.1,['Purva Ashadha'],Venus,Apas,Rajas,Śodhana (purification),Shankara,Oṁ parakaraya namaḥ,"laughter, joy, mirth · active, passionate, dynamic · sacred vibration",High Frequency,2026-05-11T11:12:43.982573
https://schema.org,CreativeWork,SAN-0021,Atmatva,atmatva,Karuna,147.8,['Uttara Ashadha'],Sun,Vishvedevas,Tamas,Śuddhi (purification),Hamsadhwani,Oṁ atmatvaya namaḥ,"compassion, mercy, empathy · stable, inert, grounded · sacred vibration",High Frequency,2026-05-11T11:12:43.982586
https://schema.org,CreativeWork,SAN-0022,Chitpada,chitpada,Raudra,150.2,['Shravana'],Moon,Vishnu,Sattva,Śravaṇa (learning),Malkauns,Oṁ chitpadaya namaḥ,"fury, anger, intensity · pure, harmonious, balanced · sacred vibration",Deep Frequency,2026-05-11T11:12:43.982598
https://schema.org,CreativeWork,SAN-0023,Pranasara,pranasara,Vira,152.4,['Dhanishtha'],Mars,Vasus,Rajas,Śravaṇa (learning),Yaman,Oṁ pranasaraya namaḥ,"heroism, courage, valor · active, passionate, dynamic · sacred vibration",High Frequency,2026-05-11T11:12:43.982611
https://schema.org,CreativeWork,SAN-0024,Paratva,paratva,Bhayanaka,154.0,['Shatabhisha'],Rahu,Varuna,Tamas,Svātantrya (freedom),Brindavani Sarang,Oṁ paratvaya namaḥ,"fear, terror, awe · stable, inert, grounded · sacred vibration",Medium Frequency,2026-05-11T11:12:43.982624
https://schema.org,CreativeWork,SAN-0025,Atmamaya,atmamaya,Bibhatsa,156.5,['Purva Bhadrapada'],Jupiter,Aja Ekapada,Sattva,Śuddhi (purification),Hamsadhwani,Oṁ atmamayaya namaḥ,"aversion, disgust, repulsion · pure, harmonious, balanced · sacred vibration",High Frequency,2026-05-11T11:12:43.982636
https://schema.org,CreativeWork,SAN-0026,Brahmapada,brahmapada,Adbhuta,157.6,['Uttara Bhadrapada'],Saturn,Ahirbudhnya,Rajas,Paitṛka (ancestral),Puriya Dhanashree,Oṁ brahmapadaya namaḥ,"wonder, amazement, curiosity · active, passionate, dynamic · sacred vibration",High Frequency,2026-05-11T11:12:43.982649
https://schema.org,CreativeWork,SAN-0027,Svatva,svatva,Shanta,160.1,['Revati'],Mercury,Pushan,Tamas,Śuddhi (purification),Ahir Bhairav,Oṁ svatvaya namaḥ,"peace, tranquility, stillness · stable, inert, grounded · sacred vibration",Deep Frequency,2026-05-11T11:12:43.982663
https://schema.org,CreativeWork,SAN-0028,Vedasara,vedasara,Shringara,107.6,['Ashwini'],Ketu,Ashwini Kumaras,Sattva,Dhana (wealth),Brindavani Sarang,Oṁ vedasaraya namaḥ,"love, beauty, devotion · pure, harmonious, balanced · sacred vibration",Medium Frequency,2026-05-11T11:12:43.982678
https://schema.org,CreativeWork,SAN-0029,Anandananda,anandananda,Hasya,109.7,['Bharani'],Venus,Yama,Rajas,Paitṛka (ancestral),Bhoop,Oṁ anandanandaya namaḥ,"laughter, joy, mirth · active, passionate, dynamic · sacred vibration",Medium Frequency,2026-05-11T11:12:43.982695
https://schema.org,CreativeWork,SAN-0030,Chittva,chittva,Karuna,112.1,['Krittika'],Sun,Agni,Tamas,Śravaṇa (learning),Darbari,Oṁ chittvaya namaḥ,"compassion, mercy, empathy · stable, inert, grounded · sacred vibration",Medium Frequency,2026-05-11T11:12:43.982709
https://schema.org,CreativeWork,SAN-0031,Anandasthiti,anandasthiti,Raudra,113.5,['Rohini'],Moon,Prajapati,Sattva,Śilpa (art),Khamaj,Oṁ anandasthitiye namaḥ,"fury, anger, intensity · pure, harmonious, balanced · sacred vibration",Medium Frequency,2026-05-11T11:12:43.982721
https://schema.org,CreativeWork,SAN-0032,Chitkara,chitkara,Vira,115.8,['Mrigashira'],Mars,Soma,Rajas,Pauṣṭi (nourishment),Malkauns,Oṁ chitkaraya namaḥ,"heroism, courage, valor · active, passionate, dynamic · sacred vibration",Deep Frequency,2026-05-11T11:12:43.982734
https://schema.org,CreativeWork,SAN-0033,Chitmaya,chitmaya,Bhayanaka,117.5,['Ardra'],Rahu,Rudra,Tamas,Śilpa (art),Bhairav,Oṁ chitmayaya namaḥ,"fear, terror, awe · stable, inert, grounded · sacred vibration",Medium Frequency,2026-05-11T11:12:43.982746
https://schema.org,CreativeWork,SAN-0034,Atmagata,atmagata,Bibhatsa,120.2,['Punarvasu'],Jupiter,Aditi,Sattva,Kuṇḍalinī (healing),Kafi,Oṁ atmagataya namaḥ,"aversion, disgust, repulsion · pure, harmonious, balanced · sacred vibration",Deep Frequency,2026-05-11T11:12:43.982758
https://schema.org,CreativeWork,SAN-0035,Brahmatva,brahmatva,Adbhuta,121.9,['Pushya'],Saturn,Brihaspati,Rajas,Vaivāhika (marriage),Hamsadhwani,Oṁ brahmatvaya namaḥ,"wonder, amazement, curiosity · active, passionate, dynamic · sacred vibration",Medium Frequency,2026-05-11T11:12:43.982770
https://schema.org,CreativeWork,SAN-0036,Atmakara,atmakara,Shanta,124.0,['Ashlesha'],Mercury,Sarpas,Tamas,Ārogya (healing),Shankara,Oṁ atmakaraya namaḥ,"peace, tranquility, stillness · stable, inert, grounded · sacred vibration",Medium Frequency,2026-05-11T11:12:43.982782
https://schema.org,CreativeWork,SAN-0037,Mahatva,mahatva,Shringara,126.2,['Magha'],Ketu,Pitrs,Sattva,Kuṇḍalinī (healing),Malkauns,Oṁ mahatvaya namaḥ,"love, beauty, devotion · pure, harmonious, balanced · sacred vibration",High Frequency,2026-05-11T11:12:43.982794
https://schema.org,CreativeWork,SAN-0038,Mahapada,mahapada,Hasya,128.2,['Purva Phalguni'],Venus,Bhaga,Rajas,Nāyakatva (leadership),Hamsadhwani,Oṁ mahapadaya namaḥ,"laughter, joy, mirth · active, passionate, dynamic · sacred vibration",Medium Frequency,2026-05-11T11:12:43.982806
https://schema.org,CreativeWork,SAN-0039,Mahasara,mahasara,Karuna,129.8,['Uttara Phalguni'],Sun,Aryaman,Tamas,Śuddhi (purification),Todi,Oṁ mahasaraya namaḥ,"compassion, mercy, empathy · stable, inert, grounded · sacred vibration",High Frequency,2026-05-11T11:12:43.982822
https://schema.org,CreativeWork,SAN-0040,Anandarupa,anandarupa,Raudra,132.2,['Hasta'],Moon,Savitr,Sattva,Śravaṇa (learning),Rageshri,Oṁ anandarupaya namaḥ,"fury, anger, intensity · pure, harmonious, balanced · sacred vibration",High Frequency,2026-05-11T11:12:43.982834
https://schema.org,CreativeWork,SAN-0041,Maharupa,maharupa,Vira,133.7,['Chitra'],Mars,Vishwakarma,Rajas,Mūla śodhana (root),Puriya Dhanashree,Oṁ maharupaya namaḥ,"heroism, courage, valor · active, passionate, dynamic · sacred vibration",Deep Frequency,2026-05-11T11:12:43.982847
https://schema.org,CreativeWork,SAN-0042,Svamaya,svamaya,Bhayanaka,136.1,['Swati'],Rahu,Vayu,Tamas,Paitṛka (ancestral),Hamsadhwani,Oṁ svamayaya namaḥ,"fear, terror, awe · stable, inert, grounded · sacred vibration",Medium Frequency,2026-05-11T11:12:43.982859
https://schema.org,CreativeWork,SAN-0043,Svasara,svasara,Bibhatsa,137.6,['Vishakha'],Jupiter,Indra-Agni,Sattva,Vijaya (victory),Rageshri,Oṁ svasaraya namaḥ,"aversion, disgust, repulsion · pure, harmonious, balanced · sacred vibration",Medium Frequency,2026-05-11T11:12:43.982871
https://schema.org,CreativeWork,SAN-0044,Brahmamaya,brahmamaya,Adbhuta,140.2,['Anuradha'],Saturn,Mitra,Rajas,Svātantrya (freedom),Puriya Dhanashree,Oṁ brahmamayaya namaḥ,"wonder, amazement, curiosity · active, passionate, dynamic · sacred vibration",Medium Frequency,2026-05-11T11:12:43.982883
https://schema.org,CreativeWork,SAN-0045,Chitmaya,chitmaya,Shanta,141.5,['Jyeshtha'],Mercury,Indra,Tamas,Saṃvedana (intuition),Bageshree,Oṁ chitmayaya namaḥ,"peace, tranquility, stillness · stable, inert, grounded · sacred vibration",Medium Frequency,2026-05-11T11:12:43.982895
https://schema.org,CreativeWork,SAN-0046,Mahapada,mahapada,Shringara,144.4,['Mula'],Ketu,Nirriti,Sattva,Pauṣṭi (nourishment),Ahir Bhairav,Oṁ mahapadaya namaḥ,"love, beauty, devotion · pure, harmonious, balanced · sacred vibration",High Frequency,2026-05-11T11:12:43.982906
https://schema.org,CreativeWork,SAN-0047,Chitpada,chitpada,Hasya,146.4,['Purva Ashadha'],Venus,Apas,Rajas,Śilpa (art),Ahir Bhairav,Oṁ chitpadaya namaḥ,"laughter, joy, mirth · active, passionate, dynamic · sacred vibration",Medium Frequency,2026-05-11T11:12:43.982919
https://schema.org,CreativeWork,SAN-0048,Chitnanda,chitnanda,Karuna,148.1,['Uttara Ashadha'],Sun,Vishvedevas,Tamas,Nāyakatva (leadership),Yaman,Oṁ chitnandaya namaḥ,"compassion, mercy, empathy · stable, inert, grounded · sacred vibration",Deep Frequency,2026-05-11T11:12:43.982931
https://schema.org,CreativeWork,SAN-0049,Anandamaya,anandamaya,Raudra,149.8,['Shravana'],Moon,Vishnu,Sattva,Kuṇḍalinī (healing),Malkauns,Oṁ anandamayaya namaḥ,"fury, anger, intensity · pure, harmonious, balanced · sacred vibration",Deep Frequency,2026-05-11T11:12:43.982950
https://schema.org,CreativeWork,SAN-0050,Pranarupa,pranarupa,Vira,151.9,['Dhanishtha'],Mars,Vasus,Rajas,Vaivāhika (marriage),Brindavani Sarang,Oṁ pranarupaya namaḥ,"heroism, courage, valor · active, passionate, dynamic · sacred vibration",Medium Frequency,2026-05-11T11:12:43.982962
https://schema.org,CreativeWork,SAN-0051,Pranapada,pranapada,Bhayanaka,153.7,['Shatabhisha'],Rahu,Varuna,Tamas,Svātantrya (freedom),Desh,Oṁ pranapadaya namaḥ,"fear, terror, awe · stable, inert, grounded · sacred vibration",Medium Frequency,2026-05-11T11:12:43.982975
https://schema.org,CreativeWork,SAN-0052,Anandananda,anandananda,Bibhatsa,156.5,['Purva Bhadrapada'],Jupiter,Aja Ekapada,Sattva,Dhana (wealth),Darbari,Oṁ anandanandaya namaḥ,"aversion, disgust, repulsion · pure, harmonious, balanced · sacred vibration",Deep Frequency,2026-05-11T11:12:43.982990
https://schema.org,CreativeWork,SAN-0053,Adigata,adigata,Adbhuta,158.0,['Uttara Bhadrapada'],Saturn,Ahirbudhnya,Rajas,Śodhana (purification),Yaman,Oṁ adigataya namaḥ,"wonder, amazement, curiosity · active, passionate, dynamic · sacred vibration",Medium Frequency,2026-05-11T11:12:43.983003
https://schema.org,CreativeWork,SAN-0054,Svasara,svasara,Shanta,160.1,['Revati'],Mercury,Pushan,Tamas,Navīkaraṇa (renewal),Khamaj,Oṁ svasaraya namaḥ,"peace, tranquility, stillness · stable, inert, grounded · sacred vibration",Medium Frequency,2026-05-11T11:12:43.983016
https://schema.org,CreativeWork,SAN-0055,Brahmamaya,brahmamaya,Shringara,108.5,['Ashwini'],Ketu,Ashwini Kumaras,Sattva,Navīkaraṇa (renewal),Kafi,Oṁ brahmamayaya namaḥ,"love, beauty, devotion · pure, harmonious, balanced · sacred vibration",Medium Frequency,2026-05-11T11:12:43.983028
https://schema.org,CreativeWork,SAN-0056,Parakara,parakara,Hasya,109.8,['Bharani'],Venus,Yama,Rajas,Saṃvedana (intuition),Bhoop,Oṁ parakaraya namaḥ,"laughter, joy, mirth · active, passionate, dynamic · sacred vibration",Deep Frequency,2026-05-11T11:12:43.983040
https://schema.org,CreativeWork,SAN-0057,Paragata,paragata,Karuna,111.6,['Krittika'],Sun,Agni,Tamas,Śravaṇa (learning),Khamaj,Oṁ paragataya namaḥ,"compassion, mercy, empathy · stable, inert, grounded · sacred vibration",Medium Frequency,2026-05-11T11:12:43.983052
https://schema.org,CreativeWork,SAN-0058,Aditva,aditva,Raudra,114.2,['Rohini'],Moon,Prajapati,Sattva,Navīkaraṇa (renewal),Hamsadhwani,Oṁ aditvaya namaḥ,"fury, anger, intensity · pure, harmonious, balanced · sacred vibration",High Frequency,2026-05-11T11:12:43.983067
https://schema.org,CreativeWork,SAN-0059,Mahatva,mahatva,Vira,116.5,['Mrigashira'],Mars,Soma,Rajas,Vijaya (victory),Bhoop,Oṁ mahatvaya namaḥ,"heroism, courage, valor · active, passionate, dynamic · sacred vibration",Medium Frequency,2026-05-11T11:12:43.983081
https://schema.org,CreativeWork,SAN-0060,Atmamaya,atmamaya,Bhayanaka,117.7,['Ardra'],Rahu,Rudra,Tamas,Śuddhi (purification),Hamsadhwani,Oṁ atmamayaya namaḥ,"fear, terror, awe · stable, inert, grounded · sacred vibration",High Frequency,2026-05-11T11:12:43.983093
https://schema.org,CreativeWork,SAN-0061,Anandasthiti,anandasthiti,Bibhatsa,119.7,['Punarvasu'],Jupiter,Aditi,Sattva,Navīkaraṇa (renewal),Brindavani Sarang,Oṁ anandasthitiye namaḥ,"aversion, disgust, repulsion · pure, harmonious, balanced · sacred vibration",Medium Frequency,2026-05-11T11:12:43.983105
https://schema.org,CreativeWork,SAN-0062,Svapada,svapada,Adbhuta,122.5,['Pushya'],Saturn,Brihaspati,Rajas,Kauśala (creativity),Kafi,Oṁ svapadaya namaḥ,"wonder, amazement, curiosity · active, passionate, dynamic · sacred vibration",Deep Frequency,2026-05-11T11:12:43.983117
https://schema.org,CreativeWork,SAN-0063,Parakara,parakara,Shanta,123.9,['Ashlesha'],Mercury,Sarpas,Tamas,Pauṣṭi (nourishment),Bhairav,Oṁ parakaraya namaḥ,"peace, tranquility, stillness · stable, inert, grounded · sacred vibration",Medium Frequency,2026-05-11T11:12:43.983130
https://schema.org,CreativeWork,SAN-0064,Chitsthiti,chitsthiti,Shringara,125.7,['Magha'],Ketu,Pitrs,Sattva,Pauṣṭi (nourishment),Yaman,Oṁ chitsthitiye namaḥ,"love, beauty, devotion · pure, harmonious, balanced · sacred vibration",Medium Frequency,2026-05-11T11:12:43.983142
https://schema.org,CreativeWork,SAN-0065,Adinanda,adinanda,Hasya,128.5,['Purva Phalguni'],Venus,Bhaga,Rajas,Śuddhi (purification),Yaman,Oṁ adinandaya namaḥ,"laughter, joy, mirth · active, passionate, dynamic · sacred vibration",High Frequency,2026-05-11T11:12:43.983153
https://schema.org,CreativeWork,SAN-0066,Adimaya,adimaya,Karuna,130.4,['Uttara Phalguni'],Sun,Aryaman,Tamas,Maitrī (friendship),Darbari,Oṁ adimayaya namaḥ,"compassion, mercy, empathy · stable, inert, grounded · sacred vibration",Medium Frequency,2026-05-11T11:12:43.983167
https://schema.org,CreativeWork,SAN-0067,Atmalaya,atmalaya,Raudra,131.7,['Hasta'],Moon,Savitr,Sattva,Śilpa (art),Darbari,Oṁ atmalayaya namaḥ,"fury, anger, intensity · pure, harmonious, balanced · sacred vibration",Deep Frequency,2026-05-11T11:12:43.983180
https://schema.org,CreativeWork,SAN-0068,Aditva,aditva,Vira,133.5,['Chitra'],Mars,Vishwakarma,Rajas,Dhana (wealth),Ahir Bhairav,Oṁ aditvaya namaḥ,"heroism, courage, valor · active, passionate, dynamic · sacred vibration",High Frequency,2026-05-11T11:12:43.983192
https://schema.org,CreativeWork,SAN-0069,Parananda,parananda,Bhayanaka,135.9,['Swati'],Rahu,Vayu,Tamas,Saṃvedana (intuition),Hamsadhwani,Oṁ paranandaya namaḥ,"fear, terror, awe · stable, inert, grounded · sacred vibration",Medium Frequency,2026-05-11T11:12:43.983208
https://schema.org,CreativeWork,SAN-0070,Vedarupa,vedarupa,Bibhatsa,138.4,['Vishakha'],Jupiter,Indra-Agni,Sattva,Saṃkṣobha (transformation),Puriya Dhanashree,Oṁ vedarupaya namaḥ,"aversion, disgust, repulsion · pure, harmonious, balanced · sacred vibration",High Frequency,2026-05-11T11:12:43.983222
https://schema.org,CreativeWork,SAN-0071,Chitlaya,chitlaya,Adbhuta,140.1,['Anuradha'],Saturn,Mitra,Rajas,Navīkaraṇa (renewal),Yaman,Oṁ chitlayaya namaḥ,"wonder, amazement, curiosity · active, passionate, dynamic · sacred vibration",High Frequency,2026-05-11T11:12:43.983234
https://schema.org,CreativeWork,SAN-0072,Atmatva,atmatva,Shanta,141.9,['Jyeshtha'],Mercury,Indra,Tamas,Saṃvedana (intuition),Shankara,Oṁ atmatvaya namaḥ,"peace, tranquility, stillness · stable, inert, grounded · sacred vibration",Deep Frequency,2026-05-11T11:12:43.983247
https://schema.org,CreativeWork,SAN-0073,Mahasthiti,mahasthiti,Shringara,143.8,['Mula'],Ketu,Nirriti,Sattva,Śilpa (art),Todi,Oṁ mahasthitiye namaḥ,"love, beauty, devotion · pure, harmonious, balanced · sacred vibration",High Frequency,2026-05-11T11:12:43.983259
https://schema.org,CreativeWork,SAN-0074,Anandapada,anandapada,Hasya,145.8,['Purva Ashadha'],Venus,Apas,Rajas,Saṃkṣobha (transformation),Brindavani Sarang,Oṁ anandapadaya namaḥ,"laughter, joy, mirth · active, passionate, dynamic · sacred vibration",Medium Frequency,2026-05-11T11:12:43.983271
https://schema.org,CreativeWork,SAN-0075,Brahmagata,brahmagata,Karuna,148.4,['Uttara Ashadha'],Sun,Vishvedevas,Tamas,Mūla śodhana (root),Kafi,Oṁ brahmagataya namaḥ,"compassion, mercy, empathy · stable, inert, grounded · sacred vibration",Medium Frequency,2026-05-11T11:12:43.983283
https://schema.org,CreativeWork,SAN-0076,Atmamaya,atmamaya,Raudra,149.6,['Shravana'],Moon,Vishnu,Sattva,Kauśala (creativity),Bhoop,Oṁ atmamayaya namaḥ,"fury, anger, intensity · pure, harmonious, balanced · sacred vibration",High Frequency,2026-05-11T11:12:43.983295
https://schema.org,CreativeWork,SAN-0077,Vedarupa,vedarupa,Vira,152.3,['Dhanishtha'],Mars,Vasus,Rajas,Parivartana (transformation),Bhoop,Oṁ vedarupaya namaḥ,"heroism, courage, valor · active, passionate, dynamic · sacred vibration",Deep Frequency,2026-05-11T11:12:43.983307
https://schema.org,CreativeWork,SAN-0078,Aditva,aditva,Bhayanaka,153.7,['Shatabhisha'],Rahu,Varuna,Tamas,Śilpa (art),Hamsadhwani,Oṁ aditvaya namaḥ,"fear, terror, awe · stable, inert, grounded · sacred vibration",Medium Frequency,2026-05-11T11:12:43.983321
https://schema.org,CreativeWork,SAN-0079,Anandagata,anandagata,Bibhatsa,155.7,['Purva Bhadrapada'],Jupiter,Aja Ekapada,Sattva,Parivartana (transformation),Puriya Dhanashree,Oṁ anandagataya namaḥ,"aversion, disgust, repulsion · pure, harmonious, balanced · sacred vibration",High Frequency,2026-05-11T11:12:43.983336
https://schema.org,CreativeWork,SAN-0080,Anandagata,anandagata,Adbhuta,157.9,['Uttara Bhadrapada'],Saturn,Ahirbudhnya,Rajas,Kauśala (creativity),Ahir Bhairav,Oṁ anandagataya namaḥ,"wonder, amazement, curiosity · active, passionate, dynamic · sacred vibration",Medium Frequency,2026-05-11T11:12:43.983349
https://schema.org,CreativeWork,SAN-0081,Brahmamaya,brahmamaya,Shanta,160.2,['Revati'],Mercury,Pushan,Tamas,Maitrī (friendship),Bhairav,Oṁ brahmamayaya namaḥ,"peace, tranquility, stillness · stable, inert, grounded · sacred vibration",High Frequency,2026-05-11T11:12:43.983363
https://schema.org,CreativeWork,SAN-0082,Paragata,paragata,Shringara,108.1,['Ashwini'],Ketu,Ashwini Kumaras,Sattva,Maitrī (friendship),Bhimpalasi,Oṁ paragataya namaḥ,"love, beauty, devotion · pure, harmonious, balanced · sacred vibration",High Frequency,2026-05-11T11:12:43.983375
https://schema.org,CreativeWork,SAN-0083,Vedapada,vedapada,Hasya,109.8,['Bharani'],Venus,Yama,Rajas,Maitrī (friendship),Brindavani Sarang,Oṁ vedapadaya namaḥ,"laughter, joy, mirth · active, passionate, dynamic · sacred vibration",Medium Frequency,2026-05-11T11:12:43.983387
https://schema.org,CreativeWork,SAN-0084,Atmananda,atmananda,Karuna,111.9,['Krittika'],Sun,Agni,Tamas,Navīkaraṇa (renewal),Bhairav,Oṁ atmanandaya namaḥ,"compassion, mercy, empathy · stable, inert, grounded · sacred vibration",Deep Frequency,2026-05-11T11:12:43.983399
https://schema.org,CreativeWork,SAN-0085,Anandasthiti,anandasthiti,Raudra,113.9,['Rohini'],Moon,Prajapati,Sattva,Ārogya (healing),Bhairav,Oṁ anandasthitiye namaḥ,"fury, anger, intensity · pure, harmonious, balanced · sacred vibration",High Frequency,2026-05-11T11:12:43.983411
https://schema.org,CreativeWork,SAN-0086,Brahmapada,brahmapada,Vira,115.7,['Mrigashira'],Mars,Soma,Rajas,Śuddhi (purification),Kafi,Oṁ brahmapadaya namaḥ,"heroism, courage, valor · active, passionate, dynamic · sacred vibration",High Frequency,2026-05-11T11:12:43.983423
https://schema.org,CreativeWork,SAN-0087,Mahananda,mahananda,Bhayanaka,117.8,['Ardra'],Rahu,Rudra,Tamas,Vaivāhika (marriage),Kafi,Oṁ mahanandaya namaḥ,"fear, terror, awe · stable, inert, grounded · sacred vibration",Medium Frequency,2026-05-11T11:12:43.983435
https://schema.org,CreativeWork,SAN-0088,Vedakara,vedakara,Bibhatsa,120.2,['Punarvasu'],Jupiter,Aditi,Sattva,Navīkaraṇa (renewal),Bhoop,Oṁ vedakaraya namaḥ,"aversion, disgust, repulsion · pure, harmonious, balanced · sacred vibration",High Frequency,2026-05-11T11:12:43.983447
https://schema.org,CreativeWork,SAN-0089,Paratva,paratva,Adbhuta,121.9,['Pushya'],Saturn,Brihaspati,Rajas,Śuddhi (purification),Shankara,Oṁ paratvaya namaḥ,"wonder, amazement, curiosity · active, passionate, dynamic · sacred vibration",High Frequency,2026-05-11T11:12:43.983461
https://schema.org,CreativeWork,SAN-0090,Svasara,svasara,Shanta,124.0,['Ashlesha'],Mercury,Sarpas,Tamas,Saṃkṣobha (transformation),Puriya Dhanashree,Oṁ svasaraya namaḥ,"peace, tranquility, stillness · stable, inert, grounded · sacred vibration",Medium Frequency,2026-05-11T11:12:43.983474
https://schema.org,CreativeWork,SAN-0091,Parasthiti,parasthiti,Shringara,126.1,['Magha'],Ketu,Pitrs,Sattva,Paitṛka (ancestral),Bhairav,Oṁ parasthitiye namaḥ,"love, beauty, devotion · pure, harmonious, balanced · sacred vibration",High Frequency,2026-05-11T11:12:43.983486
https://schema.org,CreativeWork,SAN-0092,Brahmatva,brahmatva,Hasya,128.1,['Purva Phalguni'],Venus,Bhaga,Rajas,Navīkaraṇa (renewal),Bageshree,Oṁ brahmatvaya namaḥ,"laughter, joy, mirth · active, passionate, dynamic · sacred vibration",High Frequency,2026-05-11T11:12:43.983501
https://schema.org,CreativeWork,SAN-0093,Mahamaya,mahamaya,Karuna,129.7,['Uttara Phalguni'],Sun,Aryaman,Tamas,Saṃvedana (intuition),Bageshree,Oṁ mahamayaya namaḥ,"compassion, mercy, empathy · stable, inert, grounded · sacred vibration",High Frequency,2026-05-11T11:12:43.983513
https://schema.org,CreativeWork,SAN-0094,Anandamaya,anandamaya,Raudra,132.2,['Hasta'],Moon,Savitr,Sattva,Śilpa (art),Bageshree,Oṁ anandamayaya namaḥ,"fury, anger, intensity · pure, harmonious, balanced · sacred vibration",Medium Frequency,2026-05-11T11:12:43.983526
https://schema.org,CreativeWork,SAN-0095,Svalaya,svalaya,Vira,134.1,['Chitra'],Mars,Vishwakarma,Rajas,Śodhana (purification),Todi,Oṁ svalayaya namaḥ,"heroism, courage, valor · active, passionate, dynamic · sacred vibration",Medium Frequency,2026-05-11T11:12:43.983538
https://schema.org,CreativeWork,SAN-0096,Vedapada,vedapada,Bhayanaka,135.6,['Swati'],Rahu,Vayu,Tamas,Śuddhi (purification),Bhoop,Oṁ vedapadaya namaḥ,"fear, terror, awe · stable, inert, grounded · sacred vibration",High Frequency,2026-05-11T11:12:43.983550
https://schema.org,CreativeWork,SAN-0097,Vedagata,vedagata,Bibhatsa,137.6,['Vishakha'],Jupiter,Indra-Agni,Sattva,Śakti (power),Bageshree,Oṁ vedagataya namaḥ,"aversion, disgust, repulsion · pure, harmonious, balanced · sacred vibration",Medium Frequency,2026-05-11T11:12:43.983562
https://schema.org,CreativeWork,SAN-0098,Atmasara,atmasara,Adbhuta,140.0,['Anuradha'],Saturn,Mitra,Rajas,Vaivāhika (marriage),Yaman,Oṁ atmasaraya namaḥ,"wonder, amazement, curiosity · active, passionate, dynamic · sacred vibration",Deep Frequency,2026-05-11T11:12:43.983574
https://schema.org,CreativeWork,SAN-0099,Mahapada,mahapada,Shanta,142.0,['Jyeshtha'],Mercury,Indra,Tamas,Kuṇḍalinī (healing),Darbari,Oṁ mahapadaya namaḥ,"peace, tranquility, stillness · stable, inert, grounded · sacred vibration",High Frequency,2026-05-11T11:12:43.983590
https://schema.org,CreativeWork,SAN-0100,Atmapada,atmapada,Shringara,143.9,['Mula'],Ketu,Nirriti,Sattva,Paitṛka (ancestral),Rageshri,Oṁ atmapadaya namaḥ,"love, beauty, devotion · pure, harmonious, balanced · sacred vibration",High Frequency,2026-05-11T11:12:43.983602
https://schema.org,CreativeWork,SAN-0101,Anandatva,anandatva,Hasya,146.3,['Purva Ashadha'],Venus,Apas,Rajas,Ārogya (healing),Bhoop,Oṁ anandatvaya namaḥ,"laughter, joy, mirth · active, passionate, dynamic · sacred vibration",High Frequency,2026-05-11T11:12:43.983730
https://schema.org,CreativeWork,SAN-0102,Atmalaya,atmalaya,Karuna,147.6,['Uttara Ashadha'],Sun,Vishvedevas,Tamas,Vaivāhika (marriage),Rageshri,Oṁ atmalayaya namaḥ,"compassion, mercy, empathy · stable, inert, grounded · sacred vibration",Deep Frequency,2026-05-11T11:12:43.983749
https://schema.org,CreativeWork,SAN-0103,Anandakara,anandakara,Raudra,150.1,['Shravana'],Moon,Vishnu,Sattva,Vijaya (victory),Ahir Bhairav,Oṁ anandakaraya namaḥ,"fury, anger, intensity · pure, harmonious, balanced · sacred vibration",Medium Frequency,2026-05-11T11:12:43.983768
https://schema.org,CreativeWork,SAN-0104,Brahmakara,brahmakara,Vira,151.8,['Dhanishtha'],Mars,Vasus,Rajas,Pauṣṭi (nourishment),Kafi,Oṁ brahmakaraya namaḥ,"heroism, courage, valor · active, passionate, dynamic · sacred vibration",Deep Frequency,2026-05-11T11:12:43.983782
https://schema.org,CreativeWork,SAN-0105,Vedalaya,vedalaya,Bhayanaka,154.3,['Shatabhisha'],Rahu,Varuna,Tamas,Śodhana (purification),Ahir Bhairav,Oṁ vedalayaya namaḥ,"fear, terror, awe · stable, inert, grounded · sacred vibration",High Frequency,2026-05-11T11:12:43.983796
https://schema.org,CreativeWork,SAN-0106,Brahmatva,brahmatva,Bibhatsa,155.9,['Purva Bhadrapada'],Jupiter,Aja Ekapada,Sattva,Vaivāhika (marriage),Khamaj,Oṁ brahmatvaya namaḥ,"aversion, disgust, repulsion · pure, harmonious, balanced · sacred vibration",Medium Frequency,2026-05-11T11:12:43.983808
https://schema.org,CreativeWork,SAN-0107,Svasthiti,svasthiti,Adbhuta,157.9,['Uttara Bhadrapada'],Saturn,Ahirbudhnya,Rajas,Kuṇḍalinī (healing),Bhairav,Oṁ svasthitiye namaḥ,"wonder, amazement, curiosity · active, passionate, dynamic · sacred vibration",Medium Frequency,2026-05-11T11:12:43.983822
https://schema.org,CreativeWork,SAN-0108,Brahmananda,brahmananda,Shanta,160.4,['Revati'],Mercury,Pushan,Tamas,Vaivāhika (marriage),Bageshree,Oṁ brahmanandaya namaḥ,"peace, tranquility, stillness · stable, inert, grounded · sacred vibration",Deep Frequency,2026-05-11T11:12:43.983837
https://schema.org,CreativeWork,SAN-0109,Adisara,adisara,Shringara,107.8,['Ashwini'],Ketu,Ashwini Kumaras,Sattva,Vaivāhika (marriage),Darbari,Oṁ adisaraya namaḥ,"love, beauty, devotion · pure, harmonious, balanced · sacred vibration",Medium Frequency,2026-05-11T11:12:43.983851
https://schema.org,CreativeWork,SAN-0110,Svagata,svagata,Hasya,109.8,['Bharani'],Venus,Yama,Rajas,Śakti (power),Darbari,Oṁ svagataya namaḥ,"laughter, joy, mirth · active, passionate, dynamic · sacred vibration",High Frequency,2026-05-11T11:12:43.983868
https://schema.org,CreativeWork,SAN-0111,Svagata,svagata,Karuna,112.5,['Krittika'],Sun,Agni,Tamas,Vaivāhika (marriage),Bhairav,Oṁ svagataya namaḥ,"compassion, mercy, empathy · stable, inert, grounded · sacred vibration",High Frequency,2026-05-11T11:12:43.983881
https://schema.org,CreativeWork,SAN-0112,Adimaya,adimaya,Raudra,113.6,['Rohini'],Moon,Prajapati,Sattva,Svātantrya (freedom),Bhimpalasi,Oṁ adimayaya namaḥ,"fury, anger, intensity · pure, harmonious, balanced · sacred vibration",Deep Frequency,2026-05-11T11:12:43.983893
https://schema.org,CreativeWork,SAN-0113,Atmatva,atmatva,Vira,115.9,['Mrigashira'],Mars,Soma,Rajas,Śravaṇa (learning),Malkauns,Oṁ atmatvaya namaḥ,"heroism, courage, valor · active, passionate, dynamic · sacred vibration",High Frequency,2026-05-11T11:12:43.983908
https://schema.org,CreativeWork,SAN-0114,Adimaya,adimaya,Bhayanaka,118.1,['Ardra'],Rahu,Rudra,Tamas,Vijaya (victory),Kafi,Oṁ adimayaya namaḥ,"fear, terror, awe · stable, inert, grounded · sacred vibration",High Frequency,2026-05-11T11:12:43.983920
https://schema.org,CreativeWork,SAN-0115,Chitsara,chitsara,Bibhatsa,120.1,['Punarvasu'],Jupiter,Aditi,Sattva,Svātantrya (freedom),Ahir Bhairav,Oṁ chitsaraya namaḥ,"aversion, disgust, repulsion · pure, harmonious, balanced · sacred vibration",High Frequency,2026-05-11T11:12:43.983933
https://schema.org,CreativeWork,SAN-0116,Chitnanda,chitnanda,Adbhuta,122.4,['Pushya'],Saturn,Brihaspati,Rajas,Saṃvedana (intuition),Malkauns,Oṁ chitnandaya namaḥ,"wonder, amazement, curiosity · active, passionate, dynamic · sacred vibration",Deep Frequency,2026-05-11T11:12:43.983950
https://schema.org,CreativeWork,SAN-0117,Anandamaya,anandamaya,Shanta,123.7,['Ashlesha'],Mercury,Sarpas,Tamas,Saṃkṣobha (transformation),Rageshri,Oṁ anandamayaya namaḥ,"peace, tranquility, stillness · stable, inert, grounded · sacred vibration",Medium Frequency,2026-05-11T11:12:43.983967
https://schema.org,CreativeWork,SAN-0118,Vedapada,vedapada,Shringara,125.9,['Magha'],Ketu,Pitrs,Sattva,Śravaṇa (learning),Marwa,Oṁ vedapadaya namaḥ,"love, beauty, devotion · pure, harmonious, balanced · sacred vibration",High Frequency,2026-05-11T11:12:43.983980
https://schema.org,CreativeWork,SAN-0119,Mahananda,mahananda,Hasya,128.0,['Purva Phalguni'],Venus,Bhaga,Rajas,Dhana (wealth),Malkauns,Oṁ mahanandaya namaḥ,"laughter, joy, mirth · active, passionate, dynamic · sacred vibration",Deep Frequency,2026-05-11T11:12:43.983995
https://schema.org,CreativeWork,SAN-0120,Parananda,parananda,Karuna,129.6,['Uttara Phalguni'],Sun,Aryaman,Tamas,Mūla śodhana (root),Todi,Oṁ paranandaya namaḥ,"compassion, mercy, empathy · stable, inert, grounded · sacred vibration",Deep Frequency,2026-05-11T11:12:43.984007
https://schema.org,CreativeWork,SAN-0121,Mahakara,mahakara,Raudra,132.0,['Hasta'],Moon,Savitr,Sattva,Śravaṇa (learning),Todi,Oṁ mahakaraya namaḥ,"fury, anger, intensity · pure, harmonious, balanced · sacred vibration",Deep Frequency,2026-05-11T11:12:43.984021
https://schema.org,CreativeWork,SAN-0122,Svakara,svakara,Vira,133.6,['Chitra'],Mars,Vishwakarma,Rajas,Śravaṇa (learning),Shankara,Oṁ svakaraya namaḥ,"heroism, courage, valor · active, passionate, dynamic · sacred vibration",Medium Frequency,2026-05-11T11:12:43.984033
https://schema.org,CreativeWork,SAN-0123,Chitpada,chitpada,Bhayanaka,135.8,['Swati'],Rahu,Vayu,Tamas,Śodhana (purification),Bhairav,Oṁ chitpadaya namaḥ,"fear, terror, awe · stable, inert, grounded · sacred vibration",Medium Frequency,2026-05-11T11:12:43.984045
https://schema.org,CreativeWork,SAN-0124,Vedananda,vedananda,Bibhatsa,138.5,['Vishakha'],Jupiter,Indra-Agni,Sattva,Dhana (wealth),Desh,Oṁ vedanandaya namaḥ,"aversion, disgust, repulsion · pure, harmonious, balanced · sacred vibration",Deep Frequency,2026-05-11T11:12:43.984057
https://schema.org,CreativeWork,SAN-0125,Adipada,adipada,Adbhuta,139.9,['Anuradha'],Saturn,Mitra,Rajas,Kuṇḍalinī (healing),Bhimpalasi,Oṁ adipadaya namaḥ,"wonder, amazement, curiosity · active, passionate, dynamic · sacred vibration",High Frequency,2026-05-11T11:12:43.984069
https://schema.org,CreativeWork,SAN-0126,Atmamaya,atmamaya,Shanta,142.5,['Jyeshtha'],Mercury,Indra,Tamas,Śravaṇa (learning),Khamaj,Oṁ atmamayaya namaḥ,"peace, tranquility, stillness · stable, inert, grounded · sacred vibration",Medium Frequency,2026-05-11T11:12:43.984082
https://schema.org,CreativeWork,SAN-0127,Aditva,aditva,Shringara,144.5,['Mula'],Ketu,Nirriti,Sattva,Maitrī (friendship),Darbari,Oṁ aditvaya namaḥ,"love, beauty, devotion · pure, harmonious, balanced · sacred vibration",Deep Frequency,2026-05-11T11:12:43.984094
https://schema.org,CreativeWork,SAN-0128,Anandalaya,anandalaya,Hasya,146.4,['Purva Ashadha'],Venus,Apas,Rajas,Maitrī (friendship),Darbari,Oṁ anandalayaya namaḥ,"laughter, joy, mirth · active, passionate, dynamic · sacred vibration",High Frequency,2026-05-11T11:12:43.984108
https://schema.org,CreativeWork,SAN-0129,Svagata,svagata,Karuna,148.1,['Uttara Ashadha'],Sun,Vishvedevas,Tamas,Śakti (power),Bhimpalasi,Oṁ svagataya namaḥ,"compassion, mercy, empathy · stable, inert, grounded · sacred vibration",Deep Frequency,2026-05-11T11:12:43.984123
https://schema.org,CreativeWork,SAN-0130,Chitrupa,chitrupa,Raudra,150.5,['Shravana'],Moon,Vishnu,Sattva,Vijaya (victory),Bhimpalasi,Oṁ chitrupaya namaḥ,"fury, anger, intensity · pure, harmonious, balanced · sacred vibration",Deep Frequency,2026-05-11T11:12:43.984136
https://schema.org,CreativeWork,SAN-0131,Vedamaya,vedamaya,Vira,152.0,['Dhanishtha'],Mars,Vasus,Rajas,Śodhana (purification),Bhairav,Oṁ vedamayaya namaḥ,"heroism, courage, valor · active, passionate, dynamic · sacred vibration",High Frequency,2026-05-11T11:12:43.984151
https://schema.org,CreativeWork,SAN-0132,Mahagata,mahagata,Bhayanaka,154.1,['Shatabhisha'],Rahu,Varuna,Tamas,Vijaya (victory),Bhairav,Oṁ mahagataya namaḥ,"fear, terror, awe · stable, inert, grounded · sacred vibration",Deep Frequency,2026-05-11T11:12:43.984163
https://schema.org,CreativeWork,SAN-0133,Adisara,adisara,Bibhatsa,155.8,['Purva Bhadrapada'],Jupiter,Aja Ekapada,Sattva,Maitrī (friendship),Bhairav,Oṁ adisaraya namaḥ,"aversion, disgust, repulsion · pure, harmonious, balanced · sacred vibration",Medium Frequency,2026-05-11T11:12:43.984175
https://schema.org,CreativeWork,SAN-0134,Adikara,adikara,Adbhuta,158.3,['Uttara Bhadrapada'],Saturn,Ahirbudhnya,Rajas,Kuṇḍalinī (healing),Bhimpalasi,Oṁ adikaraya namaḥ,"wonder, amazement, curiosity · active, passionate, dynamic · sacred vibration",Deep Frequency,2026-05-11T11:12:43.984188
https://schema.org,CreativeWork,SAN-0135,Parasthiti,parasthiti,Shanta,159.8,['Revati'],Mercury,Pushan,Tamas,Śodhana (purification),Rageshri,Oṁ parasthitiye namaḥ,"peace, tranquility, stillness · stable, inert, grounded · sacred vibration",Medium Frequency,2026-05-11T11:12:43.984201
https://schema.org,CreativeWork,SAN-0136,Mahamaya,mahamaya,Shringara,108.3,['Ashwini'],Ketu,Ashwini Kumaras,Sattva,Śilpa (art),Darbari,Oṁ mahamayaya namaḥ,"love, beauty, devotion · pure, harmonious, balanced · sacred vibration",High Frequency,2026-05-11T11:12:43.984213
https://schema.org,CreativeWork,SAN-0137,Brahmasthiti,brahmasthiti,Hasya,109.9,['Bharani'],Venus,Yama,Rajas,Mūla śodhana (root),Ahir Bhairav,Oṁ brahmasthitiye namaḥ,"laughter, joy, mirth · active, passionate, dynamic · sacred vibration",High Frequency,2026-05-11T11:12:43.984226
https://schema.org,CreativeWork,SAN-0138,Paragata,paragata,Karuna,112.1,['Krittika'],Sun,Agni,Tamas,Paitṛka (ancestral),Marwa,Oṁ paragataya namaḥ,"compassion, mercy, empathy · stable, inert, grounded · sacred vibration",Deep Frequency,2026-05-11T11:12:43.984238
https://schema.org,CreativeWork,SAN-0139,Parasara,parasara,Raudra,113.9,['Rohini'],Moon,Prajapati,Sattva,Saṃvedana (intuition),Khamaj,Oṁ parasaraya namaḥ,"fury, anger, intensity · pure, harmonious, balanced · sacred vibration",Deep Frequency,2026-05-11T11:12:43.984253
https://schema.org,CreativeWork,SAN-0140,Anandagata,anandagata,Vira,116.1,['Mrigashira'],Mars,Soma,Rajas,Vaivāhika (marriage),Todi,Oṁ anandagataya namaḥ,"heroism, courage, valor · active, passionate, dynamic · sacred vibration",High Frequency,2026-05-11T11:12:43.984266
https://schema.org,CreativeWork,SAN-0141,Mahasthiti,mahasthiti,Bhayanaka,118.4,['Ardra'],Rahu,Rudra,Tamas,Parivartana (transformation),Desh,Oṁ mahasthitiye namaḥ,"fear, terror, awe · stable, inert, grounded · sacred vibration",High Frequency,2026-05-11T11:12:43.984278
https://schema.org,CreativeWork,SAN-0142,Brahmatva,brahmatva,Bibhatsa,120.2,['Punarvasu'],Jupiter,Aditi,Sattva,Kuṇḍalinī (healing),Marwa,Oṁ brahmatvaya namaḥ,"aversion, disgust, repulsion · pure, harmonious, balanced · sacred vibration",High Frequency,2026-05-11T11:12:43.984290
https://schema.org,CreativeWork,SAN-0143,Brahmasara,brahmasara,Adbhuta,121.6,['Pushya'],Saturn,Brihaspati,Rajas,Paitṛka (ancestral),Hamsadhwani,Oṁ brahmasaraya namaḥ,"wonder, amazement, curiosity · active, passionate, dynamic · sacred vibration",Deep Frequency,2026-05-11T11:12:43.984302
https://schema.org,CreativeWork,SAN-0144,Atmakara,atmakara,Shanta,124.2,['Ashlesha'],Mercury,Sarpas,Tamas,Śodhana (purification),Kafi,Oṁ atmakaraya namaḥ,"peace, tranquility, stillness · stable, inert, grounded · sacred vibration",Medium Frequency,2026-05-11T11:12:43.984314
https://schema.org,CreativeWork,SAN-0145,Svagata,svagata,Shringara,125.6,['Magha'],Ketu,Pitrs,Sattva,Paitṛka (ancestral),Bageshree,Oṁ svagataya namaḥ,"love, beauty, devotion · pure, harmonious, balanced · sacred vibration",High Frequency,2026-05-11T11:12:43.984326
https://schema.org,CreativeWork,SAN-0146,Chitgata,chitgata,Hasya,127.6,['Purva Phalguni'],Venus,Bhaga,Rajas,Śuddhi (purification),Kafi,Oṁ chitgataya namaḥ,"laughter, joy, mirth · active, passionate, dynamic · sacred vibration",Deep Frequency,2026-05-11T11:12:43.984338
https://schema.org,CreativeWork,SAN-0147,Chitsara,chitsara,Karuna,129.9,['Uttara Phalguni'],Sun,Aryaman,Tamas,Śuddhi (purification),Marwa,Oṁ chitsaraya namaḥ,"compassion, mercy, empathy · stable, inert, grounded · sacred vibration",High Frequency,2026-05-11T11:12:43.984350
https://schema.org,CreativeWork,SAN-0148,Mahatva,mahatva,Raudra,131.8,['Hasta'],Moon,Savitr,Sattva,Mūla śodhana (root),Puriya Dhanashree,Oṁ mahatvaya namaḥ,"fury, anger, intensity · pure, harmonious, balanced · sacred vibration",Deep Frequency,2026-05-11T11:12:43.984363
https://schema.org,CreativeWork,SAN-0149,Mahasara,mahasara,Vira,134.4,['Chitra'],Mars,Vishwakarma,Rajas,Navīkaraṇa (renewal),Marwa,Oṁ mahasaraya namaḥ,"heroism, courage, valor · active, passionate, dynamic · sacred vibration",High Frequency,2026-05-11T11:12:43.984377
https://schema.org,CreativeWork,SAN-0150,Svakara,svakara,Bhayanaka,136.3,['Swati'],Rahu,Vayu,Tamas,Dhana (wealth),Bhimpalasi,Oṁ svakaraya namaḥ,"fear, terror, awe · stable, inert, grounded · sacred vibration",Deep Frequency,2026-05-11T11:12:43.984390
https://schema.org,CreativeWork,SAN-0151,Pranalaya,pranalaya,Bibhatsa,137.7,['Vishakha'],Jupiter,Indra-Agni,Sattva,Śuddhi (purification),Bhimpalasi,Oṁ pranalayaya namaḥ,"aversion, disgust, repulsion · pure, harmonious, balanced · sacred vibration",Deep Frequency,2026-05-11T11:12:43.984405
https://schema.org,CreativeWork,SAN-0152,Anandasara,anandasara,Adbhuta,139.8,['Anuradha'],Saturn,Mitra,Rajas,Mūla śodhana (root),Hamsadhwani,Oṁ anandasaraya namaḥ,"wonder, amazement, curiosity · active, passionate, dynamic · sacred vibration",Medium Frequency,2026-05-11T11:12:43.984418
https://schema.org,CreativeWork,SAN-0153,Vedatva,vedatva,Shanta,142.4,['Jyeshtha'],Mercury,Indra,Tamas,Vaivāhika (marriage),Todi,Oṁ vedatvaya namaḥ,"peace, tranquility, stillness · stable, inert, grounded · sacred vibration",Deep Frequency,2026-05-11T11:12:43.984430
https://schema.org,CreativeWork,SAN-0154,Mahatva,mahatva,Shringara,144.3,['Mula'],Ketu,Nirriti,Sattva,Maitrī (friendship),Bhairav,Oṁ mahatvaya namaḥ,"love, beauty, devotion · pure, harmonious, balanced · sacred vibration",Medium Frequency,2026-05-11T11:12:43.984442
https://schema.org,CreativeWork,SAN-0155,Adimaya,adimaya,Hasya,145.8,['Purva Ashadha'],Venus,Apas,Rajas,Kauśala (creativity),Bageshree,Oṁ adimayaya namaḥ,"laughter, joy, mirth · active, passionate, dynamic · sacred vibration",Deep Frequency,2026-05-11T11:12:43.984453
https://schema.org,CreativeWork,SAN-0156,Vedatva,vedatva,Karuna,147.9,['Uttara Ashadha'],Sun,Vishvedevas,Tamas,Pauṣṭi (nourishment),Yaman,Oṁ vedatvaya namaḥ,"compassion, mercy, empathy · stable, inert, grounded · sacred vibration",Deep Frequency,2026-05-11T11:12:43.984466
https://schema.org,CreativeWork,SAN-0157,Parasara,parasara,Raudra,149.7,['Shravana'],Moon,Vishnu,Sattva,Śilpa (art),Rageshri,Oṁ parasaraya namaḥ,"fury, anger, intensity · pure, harmonious, balanced · sacred vibration",High Frequency,2026-05-11T11:12:43.984477
https://schema.org,CreativeWork,SAN-0158,Brahmasara,brahmasara,Vira,151.6,['Dhanishtha'],Mars,Vasus,Rajas,Maitrī (friendship),Bhoop,Oṁ brahmasaraya namaḥ,"heroism, courage, valor · active, passionate, dynamic · sacred vibration",Medium Frequency,2026-05-11T11:12:43.984490
https://schema.org,CreativeWork,SAN-0159,Pranakara,pranakara,Bhayanaka,153.8,['Shatabhisha'],Rahu,Varuna,Tamas,Svātantrya (freedom),Hamsadhwani,Oṁ pranakaraya namaḥ,"fear, terror, awe · stable, inert, grounded · sacred vibration",High Frequency,2026-05-11T11:12:43.984503
https://schema.org,CreativeWork,SAN-0160,Atmakara,atmakara,Bibhatsa,156.3,['Purva Bhadrapada'],Jupiter,Aja Ekapada,Sattva,Navīkaraṇa (renewal),Bhoop,Oṁ atmakaraya namaḥ,"aversion, disgust, repulsion · pure, harmonious, balanced · sacred vibration",Deep Frequency,2026-05-11T11:12:43.984516
https://schema.org,CreativeWork,SAN-0161,Parasara,parasara,Adbhuta,158.3,['Uttara Bhadrapada'],Saturn,Ahirbudhnya,Rajas,Pauṣṭi (nourishment),Bhoop,Oṁ parasaraya namaḥ,"wonder, amazement, curiosity · active, passionate, dynamic · sacred vibration",Medium Frequency,2026-05-11T11:12:43.984528
https://schema.org,CreativeWork,SAN-0162,Svananda,svananda,Shanta,159.8,['Revati'],Mercury,Pushan,Tamas,Paitṛka (ancestral),Brindavani Sarang,Oṁ svanandaya namaḥ,"peace, tranquility, stillness · stable, inert, grounded · sacred vibration",Medium Frequency,2026-05-11T11:12:43.984540
https://schema.org,CreativeWork,SAN-0163,Adigata,adigata,Shringara,108.1,['Ashwini'],Ketu,Ashwini Kumaras,Sattva,Śravaṇa (learning),Ahir Bhairav,Oṁ adigataya namaḥ,"love, beauty, devotion · pure, harmonious, balanced · sacred vibration",Deep Frequency,2026-05-11T11:12:43.985234
https://schema.org,CreativeWork,SAN-0164,Brahmakara,brahmakara,Hasya,110.3,['Bharani'],Venus,Yama,Rajas,Pauṣṭi (nourishment),Khamaj,Oṁ brahmakaraya namaḥ,"laughter, joy, mirth · active, passionate, dynamic · sacred vibration",Deep Frequency,2026-05-11T11:12:43.985251
https://schema.org,CreativeWork,SAN-0165,Svasthiti,svasthiti,Karuna,111.7,['Krittika'],Sun,Agni,Tamas,Svātantrya (freedom),Desh,Oṁ svasthitiye namaḥ,"compassion, mercy, empathy · stable, inert, grounded · sacred vibration",Deep Frequency,2026-05-11T11:12:43.985266
https://schema.org,CreativeWork,SAN-0166,Pranasara,pranasara,Raudra,114.2,['Rohini'],Moon,Prajapati,Sattva,Kauśala (creativity),Desh,Oṁ pranasaraya namaḥ,"fury, anger, intensity · pure, harmonious, balanced · sacred vibration",High Frequency,2026-05-11T11:12:43.985279
https://schema.org,CreativeWork,SAN-0167,Svalaya,svalaya,Vira,116.2,['Mrigashira'],Mars,Soma,Rajas,Śakti (power),Darbari,Oṁ svalayaya namaḥ,"heroism, courage, valor · active, passionate, dynamic · sacred vibration",Medium Frequency,2026-05-11T11:12:43.985293
https://schema.org,CreativeWork,SAN-0168,Atmatva,atmatva,Bhayanaka,117.9,['Ardra'],Rahu,Rudra,Tamas,Śakti (power),Marwa,Oṁ atmatvaya namaḥ,"fear, terror, awe · stable, inert, grounded · sacred vibration",High Frequency,2026-05-11T11:12:43.985306
https://schema.org,CreativeWork,SAN-0169,Paragata,paragata,Bibhatsa,119.7,['Punarvasu'],Jupiter,Aditi,Sattva,Navīkaraṇa (renewal),Bhoop,Oṁ paragataya namaḥ,"aversion, disgust, repulsion · pure, harmonious, balanced · sacred vibration",Deep Frequency,2026-05-11T11:12:43.985319
https://schema.org,CreativeWork,SAN-0170,Brahmapada,brahmapada,Adbhuta,122.4,['Pushya'],Saturn,Brihaspati,Rajas,Pauṣṭi (nourishment),Todi,Oṁ brahmapadaya namaḥ,"wonder, amazement, curiosity · active, passionate, dynamic · sacred vibration",Deep Frequency,2026-05-11T11:12:43.985332
https://schema.org,CreativeWork,SAN-0171,Pranarupa,pranarupa,Shanta,123.6,['Ashlesha'],Mercury,Sarpas,Tamas,Kauśala (creativity),Yaman,Oṁ pranarupaya namaḥ,"peace, tranquility, stillness · stable, inert, grounded · sacred vibration",High Frequency,2026-05-11T11:12:43.985344
https://schema.org,CreativeWork,SAN-0172,Atmatva,atmatva,Shringara,125.9,['Magha'],Ketu,Pitrs,Sattva,Mūla śodhana (root),Bhoop,Oṁ atmatvaya namaḥ,"love, beauty, devotion · pure, harmonious, balanced · sacred vibration",High Frequency,2026-05-11T11:12:43.985357
https://schema.org,CreativeWork,SAN-0173,Paratva,paratva,Hasya,127.9,['Purva Phalguni'],Venus,Bhaga,Rajas,Saṃkṣobha (transformation),Ahir Bhairav,Oṁ paratvaya namaḥ,"laughter, joy, mirth · active, passionate, dynamic · sacred vibration",Deep Frequency,2026-05-11T11:12:43.985369
https://schema.org,CreativeWork,SAN-0174,Anandasara,anandasara,Karuna,129.6,['Uttara Phalguni'],Sun,Aryaman,Tamas,Saṃkṣobha (transformation),Shankara,Oṁ anandasaraya namaḥ,"compassion, mercy, empathy · stable, inert, grounded · sacred vibration",Deep Frequency,2026-05-11T11:12:43.985382
https://schema.org,CreativeWork,SAN-0175,Adirupa,adirupa,Raudra,131.5,['Hasta'],Moon,Savitr,Sattva,Vaivāhika (marriage),Malkauns,Oṁ adirupaya namaḥ,"fury, anger, intensity · pure, harmonious, balanced · sacred vibration",Deep Frequency,2026-05-11T11:12:43.985397
https://schema.org,CreativeWork,SAN-0176,Mahasthiti,mahasthiti,Vira,133.9,['Chitra'],Mars,Vishwakarma,Rajas,Vaivāhika (marriage),Malkauns,Oṁ mahasthitiye namaḥ,"heroism, courage, valor · active, passionate, dynamic · sacred vibration",Deep Frequency,2026-05-11T11:12:43.985410
https://schema.org,CreativeWork,SAN-0177,Parasara,parasara,Bhayanaka,136.0,['Swati'],Rahu,Vayu,Tamas,Saṃvedana (intuition),Todi,Oṁ parasaraya namaḥ,"fear, terror, awe · stable, inert, grounded · sacred vibration",High Frequency,2026-05-11T11:12:43.985424
https://schema.org,CreativeWork,SAN-0178,Mahamaya,mahamaya,Bibhatsa,137.8,['Vishakha'],Jupiter,Indra-Agni,Sattva,Kuṇḍalinī (healing),Hamsadhwani,Oṁ mahamayaya namaḥ,"aversion, disgust, repulsion · pure, harmonious, balanced · sacred vibration",Deep Frequency,2026-05-11T11:12:43.985439
https://schema.org,CreativeWork,SAN-0179,Adinanda,adinanda,Adbhuta,140.2,['Anuradha'],Saturn,Mitra,Rajas,Nāyakatva (leadership),Marwa,Oṁ adinandaya namaḥ,"wonder, amazement, curiosity · active, passionate, dynamic · sacred vibration",High Frequency,2026-05-11T11:12:43.985452
https://schema.org,CreativeWork,SAN-0180,Vedananda,vedananda,Shanta,142.3,['Jyeshtha'],Mercury,Indra,Tamas,Parivartana (transformation),Todi,Oṁ vedanandaya namaḥ,"peace, tranquility, stillness · stable, inert, grounded · sacred vibration",Medium Frequency,2026-05-11T11:12:43.985464
https://schema.org,CreativeWork,SAN-0181,Pranananda,pranananda,Shringara,144.0,['Mula'],Ketu,Nirriti,Sattva,Saṃvedana (intuition),Rageshri,Oṁ prananandaya namaḥ,"love, beauty, devotion · pure, harmonious, balanced · sacred vibration",Medium Frequency,2026-05-11T11:12:43.985476
https://schema.org,CreativeWork,SAN-0182,Vedananda,vedananda,Hasya,146.0,['Purva Ashadha'],Venus,Apas,Rajas,Ārogya (healing),Bhimpalasi,Oṁ vedanandaya namaḥ,"laughter, joy, mirth · active, passionate, dynamic · sacred vibration",Medium Frequency,2026-05-11T11:12:43.985488
https://schema.org,CreativeWork,SAN-0183,Pranatva,pranatva,Karuna,148.1,['Uttara Ashadha'],Sun,Vishvedevas,Tamas,Svātantrya (freedom),Shankara,Oṁ pranatvaya namaḥ,"compassion, mercy, empathy · stable, inert, grounded · sacred vibration",Deep Frequency,2026-05-11T11:12:43.985503
https://schema.org,CreativeWork,SAN-0184,Chitrupa,chitrupa,Raudra,150.4,['Shravana'],Moon,Vishnu,Sattva,Vaivāhika (marriage),Yaman,Oṁ chitrupaya namaḥ,"fury, anger, intensity · pure, harmonious, balanced · sacred vibration",Medium Frequency,2026-05-11T11:12:43.985516
https://schema.org,CreativeWork,SAN-0185,Anandasara,anandasara,Vira,151.6,['Dhanishtha'],Mars,Vasus,Rajas,Saṃkṣobha (transformation),Todi,Oṁ anandasaraya namaḥ,"heroism, courage, valor · active, passionate, dynamic · sacred vibration",Medium Frequency,2026-05-11T11:12:43.985528
https://schema.org,CreativeWork,SAN-0186,Anandagata,anandagata,Bhayanaka,154.1,['Shatabhisha'],Rahu,Varuna,Tamas,Parivartana (transformation),Bageshree,Oṁ anandagataya namaḥ,"fear, terror, awe · stable, inert, grounded · sacred vibration",Medium Frequency,2026-05-11T11:12:43.985540
https://schema.org,CreativeWork,SAN-0187,Chitsara,chitsara,Bibhatsa,156.0,['Purva Bhadrapada'],Jupiter,Aja Ekapada,Sattva,Śakti (power),Bhairav,Oṁ chitsaraya namaḥ,"aversion, disgust, repulsion · pure, harmonious, balanced · sacred vibration",Medium Frequency,2026-05-11T11:12:43.985553
https://schema.org,CreativeWork,SAN-0188,Svakara,svakara,Adbhuta,157.7,['Uttara Bhadrapada'],Saturn,Ahirbudhnya,Rajas,Navīkaraṇa (renewal),Bhoop,Oṁ svakaraya namaḥ,"wonder, amazement, curiosity · active, passionate, dynamic · sacred vibration",Deep Frequency,2026-05-11T11:12:43.985569
https://schema.org,CreativeWork,SAN-0189,Pranasara,pranasara,Shanta,159.7,['Revati'],Mercury,Pushan,Tamas,Kuṇḍalinī (healing),Khamaj,Oṁ pranasaraya namaḥ,"peace, tranquility, stillness · stable, inert, grounded · sacred vibration",Medium Frequency,2026-05-11T11:12:43.985581
https://schema.org,CreativeWork,SAN-0190,Maharupa,maharupa,Shringara,107.9,['Ashwini'],Ketu,Ashwini Kumaras,Sattva,Paitṛka (ancestral),Marwa,Oṁ maharupaya namaḥ,"love, beauty, devotion · pure, harmonious, balanced · sacred vibration",High Frequency,2026-05-11T11:12:43.985593
https://schema.org,CreativeWork,SAN-0191,Chitpada,chitpada,Hasya,110.0,['Bharani'],Venus,Yama,Rajas,Dhana (wealth),Bageshree,Oṁ chitpadaya namaḥ,"laughter, joy, mirth · active, passionate, dynamic · sacred vibration",Medium Frequency,2026-05-11T11:12:43.985606
https://schema.org,CreativeWork,SAN-0192,Atmatva,atmatva,Karuna,112.3,['Krittika'],Sun,Agni,Tamas,Dhana (wealth),Bageshree,Oṁ atmatvaya namaḥ,"compassion, mercy, empathy · stable, inert, grounded · sacred vibration",Deep Frequency,2026-05-11T11:12:43.985618
https://schema.org,CreativeWork,SAN-0193,Adikara,adikara,Raudra,114.0,['Rohini'],Moon,Prajapati,Sattva,Śuddhi (purification),Brindavani Sarang,Oṁ adikaraya namaḥ,"fury, anger, intensity · pure, harmonious, balanced · sacred vibration",Deep Frequency,2026-05-11T11:12:43.985633
https://schema.org,CreativeWork,SAN-0194,Atmananda,atmananda,Vira,115.5,['Mrigashira'],Mars,Soma,Rajas,Kauśala (creativity),Puriya Dhanashree,Oṁ atmanandaya namaḥ,"heroism, courage, valor · active, passionate, dynamic · sacred vibration",Deep Frequency,2026-05-11T11:12:43.985645
https://schema.org,CreativeWork,SAN-0195,Atmamaya,atmamaya,Bhayanaka,118.4,['Ardra'],Rahu,Rudra,Tamas,Paitṛka (ancestral),Todi,Oṁ atmamayaya namaḥ,"fear, terror, awe · stable, inert, grounded · sacred vibration",Deep Frequency,2026-05-11T11:12:43.985657
https://schema.org,CreativeWork,SAN-0196,Vedapada,vedapada,Bibhatsa,119.7,['Punarvasu'],Jupiter,Aditi,Sattva,Nāyakatva (leadership),Ahir Bhairav,Oṁ vedapadaya namaḥ,"aversion, disgust, repulsion · pure, harmonious, balanced · sacred vibration",Medium Frequency,2026-05-11T11:12:43.985669
https://schema.org,CreativeWork,SAN-0197,Svakara,svakara,Adbhuta,122.4,['Pushya'],Saturn,Brihaspati,Rajas,Śakti (power),Rageshri,Oṁ svakaraya namaḥ,"wonder, amazement, curiosity · active, passionate, dynamic · sacred vibration",High Frequency,2026-05-11T11:12:43.985681
https://schema.org,CreativeWork,SAN-0198,Vedarupa,vedarupa,Shanta,124.0,['Ashlesha'],Mercury,Sarpas,Tamas,Śakti (power),Todi,Oṁ vedarupaya namaḥ,"peace, tranquility, stillness · stable, inert, grounded · sacred vibration",Medium Frequency,2026-05-11T11:12:43.985695
https://schema.org,CreativeWork,SAN-0199,Pararupa,pararupa,Shringara,126.3,['Magha'],Ketu,Pitrs,Sattva,Dhana (wealth),Todi,Oṁ pararupaya namaḥ,"love, beauty, devotion · pure, harmonious, balanced · sacred vibration",High Frequency,2026-05-11T11:12:43.985708
https://schema.org,CreativeWork,SAN-0200,Adikara,adikara,Hasya,128.2,['Purva Phalguni'],Venus,Bhaga,Rajas,Kuṇḍalinī (healing),Shankara,Oṁ adikaraya namaḥ,"laughter, joy, mirth · active, passionate, dynamic · sacred vibration",Medium Frequency,2026-05-11T11:12:43.985721
https://schema.org,CreativeWork,SAN-0201,Svagata,svagata,Karuna,129.8,['Uttara Phalguni'],Sun,Aryaman,Tamas,Saṃvedana (intuition),Khamaj,Oṁ svagataya namaḥ,"compassion, mercy, empathy · stable, inert, grounded · sacred vibration",Medium Frequency,2026-05-11T11:12:43.985841
https://schema.org,CreativeWork,SAN-0202,Paralaya,paralaya,Raudra,131.8,['Hasta'],Moon,Savitr,Sattva,Ārogya (healing),Rageshri,Oṁ paralayaya namaḥ,"fury, anger, intensity · pure, harmonious, balanced · sacred vibration",Deep Frequency,2026-05-11T11:12:43.985858
https://schema.org,CreativeWork,SAN-0203,Mahamaya,mahamaya,Vira,133.5,['Chitra'],Mars,Vishwakarma,Rajas,Vaivāhika (marriage),Khamaj,Oṁ mahamayaya namaḥ,"heroism, courage, valor · active, passionate, dynamic · sacred vibration",Deep Frequency,2026-05-11T11:12:43.985871
https://schema.org,CreativeWork,SAN-0204,Adigata,adigata,Bhayanaka,136.5,['Swati'],Rahu,Vayu,Tamas,Vijaya (victory),Kafi,Oṁ adigataya namaḥ,"fear, terror, awe · stable, inert, grounded · sacred vibration",Medium Frequency,2026-05-11T11:12:43.985884
https://schema.org,CreativeWork,SAN-0205,Anandagata,anandagata,Bibhatsa,138.5,['Vishakha'],Jupiter,Indra-Agni,Sattva,Svātantrya (freedom),Puriya Dhanashree,Oṁ anandagataya namaḥ,"aversion, disgust, repulsion · pure, harmonious, balanced · sacred vibration",High Frequency,2026-05-11T11:12:43.985897
https://schema.org,CreativeWork,SAN-0206,Svasara,svasara,Adbhuta,140.1,['Anuradha'],Saturn,Mitra,Rajas,Śravaṇa (learning),Kafi,Oṁ svasaraya namaḥ,"wonder, amazement, curiosity · active, passionate, dynamic · sacred vibration",Deep Frequency,2026-05-11T11:12:43.985910
https://schema.org,CreativeWork,SAN-0207,Anandasara,anandasara,Shanta,142.3,['Jyeshtha'],Mercury,Indra,Tamas,Kuṇḍalinī (healing),Desh,Oṁ anandasaraya namaḥ,"peace, tranquility, stillness · stable, inert, grounded · sacred vibration",High Frequency,2026-05-11T11:12:43.985923
https://schema.org,CreativeWork,SAN-0208,Brahmapada,brahmapada,Shringara,144.0,['Mula'],Ketu,Nirriti,Sattva,Vijaya (victory),Brindavani Sarang,Oṁ brahmapadaya namaḥ,"love, beauty, devotion · pure, harmonious, balanced · sacred vibration",Deep Frequency,2026-05-11T11:12:43.985938
https://schema.org,CreativeWork,SAN-0209,Mahamaya,mahamaya,Hasya,146.2,['Purva Ashadha'],Venus,Apas,Rajas,Śravaṇa (learning),Bhimpalasi,Oṁ mahamayaya namaḥ,"laughter, joy, mirth · active, passionate, dynamic · sacred vibration",High Frequency,2026-05-11T11:12:43.985951
https://schema.org,CreativeWork,SAN-0210,Anandatva,anandatva,Karuna,148.0,['Uttara Ashadha'],Sun,Vishvedevas,Tamas,Śuddhi (purification),Bhoop,Oṁ anandatvaya namaḥ,"compassion, mercy, empathy · stable, inert, grounded · sacred vibration",High Frequency,2026-05-11T11:12:43.985969
https://schema.org,CreativeWork,SAN-0211,Mahakara,mahakara,Raudra,150.1,['Shravana'],Moon,Vishnu,Sattva,Pauṣṭi (nourishment),Todi,Oṁ mahakaraya namaḥ,"fury, anger, intensity · pure, harmonious, balanced · sacred vibration",Deep Frequency,2026-05-11T11:12:43.985984
https://schema.org,CreativeWork,SAN-0212,Pranasthiti,pranasthiti,Vira,152.1,['Dhanishtha'],Mars,Vasus,Rajas,Saṃkṣobha (transformation),Brindavani Sarang,Oṁ pranasthitiye namaḥ,"heroism, courage, valor · active, passionate, dynamic · sacred vibration",Medium Frequency,2026-05-11T11:12:43.985997
https://schema.org,CreativeWork,SAN-0213,Adinanda,adinanda,Bhayanaka,153.6,['Shatabhisha'],Rahu,Varuna,Tamas,Vijaya (victory),Khamaj,Oṁ adinandaya namaḥ,"fear, terror, awe · stable, inert, grounded · sacred vibration",Medium Frequency,2026-05-11T11:12:43.986010
https://schema.org,CreativeWork,SAN-0214,Svarupa,svarupa,Bibhatsa,156.3,['Purva Bhadrapada'],Jupiter,Aja Ekapada,Sattva,Saṃvedana (intuition),Bhairav,Oṁ svarupaya namaḥ,"aversion, disgust, repulsion · pure, harmonious, balanced · sacred vibration",Medium Frequency,2026-05-11T11:12:43.986023
https://schema.org,CreativeWork,SAN-0215,Svarupa,svarupa,Adbhuta,158.1,['Uttara Bhadrapada'],Saturn,Ahirbudhnya,Rajas,Śuddhi (purification),Khamaj,Oṁ svarupaya namaḥ,"wonder, amazement, curiosity · active, passionate, dynamic · sacred vibration",Medium Frequency,2026-05-11T11:12:43.986036
https://schema.org,CreativeWork,SAN-0216,Maharupa,maharupa,Shanta,160.5,['Revati'],Mercury,Pushan,Tamas,Ārogya (healing),Rageshri,Oṁ maharupaya namaḥ,"peace, tranquility, stillness · stable, inert, grounded · sacred vibration",Deep Frequency,2026-05-11T11:12:43.986048
https://schema.org,CreativeWork,SAN-0217,Anandagata,anandagata,Shringara,107.7,['Ashwini'],Ketu,Ashwini Kumaras,Sattva,Śilpa (art),Khamaj,Oṁ anandagataya namaḥ,"love, beauty, devotion · pure, harmonious, balanced · sacred vibration",Deep Frequency,2026-05-11T11:12:43.986060
https://schema.org,CreativeWork,SAN-0218,Adisara,adisara,Hasya,110.0,['Bharani'],Venus,Yama,Rajas,Śuddhi (purification),Yaman,Oṁ adisaraya namaḥ,"laughter, joy, mirth · active, passionate, dynamic · sacred vibration",High Frequency,2026-05-11T11:12:43.986074
https://schema.org,CreativeWork,SAN-0219,Vedapada,vedapada,Karuna,111.8,['Krittika'],Sun,Agni,Tamas,Śakti (power),Hamsadhwani,Oṁ vedapadaya namaḥ,"compassion, mercy, empathy · stable, inert, grounded · sacred vibration",Deep Frequency,2026-05-11T11:12:43.986087
https://schema.org,CreativeWork,SAN-0220,Anandasthiti,anandasthiti,Raudra,114.2,['Rohini'],Moon,Prajapati,Sattva,Pauṣṭi (nourishment),Darbari,Oṁ anandasthitiye namaḥ,"fury, anger, intensity · pure, harmonious, balanced · sacred vibration",Deep Frequency,2026-05-11T11:12:43.986099
https://schema.org,CreativeWork,SAN-0221,Adinanda,adinanda,Vira,116.1,['Mrigashira'],Mars,Soma,Rajas,Svātantrya (freedom),Puriya Dhanashree,Oṁ adinandaya namaḥ,"heroism, courage, valor · active, passionate, dynamic · sacred vibration",High Frequency,2026-05-11T11:12:43.986111
https://schema.org,CreativeWork,SAN-0222,Svasara,svasara,Bhayanaka,118.2,['Ardra'],Rahu,Rudra,Tamas,Kauśala (creativity),Hamsadhwani,Oṁ svasaraya namaḥ,"fear, terror, awe · stable, inert, grounded · sacred vibration",High Frequency,2026-05-11T11:12:43.986124
https://schema.org,CreativeWork,SAN-0223,Chitsara,chitsara,Bibhatsa,119.6,['Punarvasu'],Jupiter,Aditi,Sattva,Dhana (wealth),Darbari,Oṁ chitsaraya namaḥ,"aversion, disgust, repulsion · pure, harmonious, balanced · sacred vibration",Deep Frequency,2026-05-11T11:12:43.986138
https://schema.org,CreativeWork,SAN-0224,Anandananda,anandananda,Adbhuta,121.9,['Pushya'],Saturn,Brihaspati,Rajas,Nāyakatva (leadership),Bhimpalasi,Oṁ anandanandaya namaḥ,"wonder, amazement, curiosity · active, passionate, dynamic · sacred vibration",Deep Frequency,2026-05-11T11:12:43.986151
https://schema.org,CreativeWork,SAN-0225,Adilaya,adilaya,Shanta,124.5,['Ashlesha'],Mercury,Sarpas,Tamas,Śodhana (purification),Rageshri,Oṁ adilayaya namaḥ,"peace, tranquility, stillness · stable, inert, grounded · sacred vibration",High Frequency,2026-05-11T11:12:43.986164
https://schema.org,CreativeWork,SAN-0226,Anandapada,anandapada,Shringara,126.5,['Magha'],Ketu,Pitrs,Sattva,Śravaṇa (learning),Bageshree,Oṁ anandapadaya namaḥ,"love, beauty, devotion · pure, harmonious, balanced · sacred vibration",Deep Frequency,2026-05-11T11:12:43.986176
https://schema.org,CreativeWork,SAN-0227,Svakara,svakara,Hasya,127.7,['Purva Phalguni'],Venus,Bhaga,Rajas,Pauṣṭi (nourishment),Bhairav,Oṁ svakaraya namaḥ,"laughter, joy, mirth · active, passionate, dynamic · sacred vibration",High Frequency,2026-05-11T11:12:43.986188
https://schema.org,CreativeWork,SAN-0228,Atmasara,atmasara,Karuna,130.1,['Uttara Phalguni'],Sun,Aryaman,Tamas,Pauṣṭi (nourishment),Marwa,Oṁ atmasaraya namaḥ,"compassion, mercy, empathy · stable, inert, grounded · sacred vibration",Deep Frequency,2026-05-11T11:12:43.986202
https://schema.org,CreativeWork,SAN-0229,Parakara,parakara,Raudra,131.6,['Hasta'],Moon,Savitr,Sattva,Ārogya (healing),Todi,Oṁ parakaraya namaḥ,"fury, anger, intensity · pure, harmonious, balanced · sacred vibration",High Frequency,2026-05-11T11:12:43.986215
https://schema.org,CreativeWork,SAN-0230,Atmananda,atmananda,Vira,134.1,['Chitra'],Mars,Vishwakarma,Rajas,Śravaṇa (learning),Rageshri,Oṁ atmanandaya namaḥ,"heroism, courage, valor · active, passionate, dynamic · sacred vibration",Deep Frequency,2026-05-11T11:12:43.986227
https://schema.org,CreativeWork,SAN-0231,Chitmaya,chitmaya,Bhayanaka,136.2,['Swati'],Rahu,Vayu,Tamas,Saṃvedana (intuition),Malkauns,Oṁ chitmayaya namaḥ,"fear, terror, awe · stable, inert, grounded · sacred vibration",High Frequency,2026-05-11T11:12:43.986239
https://schema.org,CreativeWork,SAN-0232,Adisthiti,adisthiti,Bibhatsa,138.2,['Vishakha'],Jupiter,Indra-Agni,Sattva,Kuṇḍalinī (healing),Hamsadhwani,Oṁ adisthitiye namaḥ,"aversion, disgust, repulsion · pure, harmonious, balanced · sacred vibration",High Frequency,2026-05-11T11:12:43.986251
https://schema.org,CreativeWork,SAN-0233,Vedamaya,vedamaya,Adbhuta,139.5,['Anuradha'],Saturn,Mitra,Rajas,Mūla śodhana (root),Brindavani Sarang,Oṁ vedamayaya namaḥ,"wonder, amazement, curiosity · active, passionate, dynamic · sacred vibration",Deep Frequency,2026-05-11T11:12:43.986263
https://schema.org,CreativeWork,SAN-0234,Mahagata,mahagata,Shanta,142.2,['Jyeshtha'],Mercury,Indra,Tamas,Mūla śodhana (root),Brindavani Sarang,Oṁ mahagataya namaḥ,"peace, tranquility, stillness · stable, inert, grounded · sacred vibration",Deep Frequency,2026-05-11T11:12:43.986277
https://schema.org,CreativeWork,SAN-0235,Chitpada,chitpada,Shringara,143.7,['Mula'],Ketu,Nirriti,Sattva,Dhana (wealth),Bhimpalasi,Oṁ chitpadaya namaḥ,"love, beauty, devotion · pure, harmonious, balanced · sacred vibration",Deep Frequency,2026-05-11T11:12:43.986291
https://schema.org,CreativeWork,SAN-0236,Adilaya,adilaya,Hasya,145.8,['Purva Ashadha'],Venus,Apas,Rajas,Śravaṇa (learning),Desh,Oṁ adilayaya namaḥ,"laughter, joy, mirth · active, passionate, dynamic · sacred vibration",Deep Frequency,2026-05-11T11:12:43.986303
https://schema.org,CreativeWork,SAN-0237,Chitnanda,chitnanda,Karuna,148.2,['Uttara Ashadha'],Sun,Vishvedevas,Tamas,Vaivāhika (marriage),Shankara,Oṁ chitnandaya namaḥ,"compassion, mercy, empathy · stable, inert, grounded · sacred vibration",Deep Frequency,2026-05-11T11:12:43.986315
https://schema.org,CreativeWork,SAN-0238,Svarupa,svarupa,Raudra,150.1,['Shravana'],Moon,Vishnu,Sattva,Pauṣṭi (nourishment),Kafi,Oṁ svarupaya namaḥ,"fury, anger, intensity · pure, harmonious, balanced · sacred vibration",High Frequency,2026-05-11T11:12:43.986331
https://schema.org,CreativeWork,SAN-0239,Chitlaya,chitlaya,Vira,151.8,['Dhanishtha'],Mars,Vasus,Rajas,Navīkaraṇa (renewal),Bhoop,Oṁ chitlayaya namaḥ,"heroism, courage, valor · active, passionate, dynamic · sacred vibration",Deep Frequency,2026-05-11T11:12:43.986344
https://schema.org,CreativeWork,SAN-0240,Paragata,paragata,Bhayanaka,154.3,['Shatabhisha'],Rahu,Varuna,Tamas,Śodhana (purification),Rageshri,Oṁ paragataya namaḥ,"fear, terror, awe · stable, inert, grounded · sacred vibration",Deep Frequency,2026-05-11T11:12:43.986356
https://schema.org,CreativeWork,SAN-0241,Brahmatva,brahmatva,Bibhatsa,155.8,['Purva Bhadrapada'],Jupiter,Aja Ekapada,Sattva,Svātantrya (freedom),Hamsadhwani,Oṁ brahmatvaya namaḥ,"aversion, disgust, repulsion · pure, harmonious, balanced · sacred vibration",Medium Frequency,2026-05-11T11:12:43.986370
https://schema.org,CreativeWork,SAN-0242,Parasara,parasara,Adbhuta,158.1,['Uttara Bhadrapada'],Saturn,Ahirbudhnya,Rajas,Parivartana (transformation),Desh,Oṁ parasaraya namaḥ,"wonder, amazement, curiosity · active, passionate, dynamic · sacred vibration",Medium Frequency,2026-05-11T11:12:43.986383
https://schema.org,CreativeWork,SAN-0243,Svalaya,svalaya,Shanta,159.6,['Revati'],Mercury,Pushan,Tamas,Kauśala (creativity),Yaman,Oṁ svalayaya namaḥ,"peace, tranquility, stillness · stable, inert, grounded · sacred vibration",Deep Frequency,2026-05-11T11:12:43.986395
https://schema.org,CreativeWork,SAN-0244,Parapada,parapada,Shringara,108.1,['Ashwini'],Ketu,Ashwini Kumaras,Sattva,Nāyakatva (leadership),Yaman,Oṁ parapadaya namaḥ,"love, beauty, devotion · pure, harmonious, balanced · sacred vibration",Medium Frequency,2026-05-11T11:12:43.986407
https://schema.org,CreativeWork,SAN-0245,Pranamaya,pranamaya,Hasya,110.0,['Bharani'],Venus,Yama,Rajas,Svātantrya (freedom),Bhimpalasi,Oṁ pranamayaya namaḥ,"laughter, joy, mirth · active, passionate, dynamic · sacred vibration",High Frequency,2026-05-11T11:12:43.986419
https://schema.org,CreativeWork,SAN-0246,Pranarupa,pranarupa,Karuna,112.5,['Krittika'],Sun,Agni,Tamas,Svātantrya (freedom),Desh,Oṁ pranarupaya namaḥ,"compassion, mercy, empathy · stable, inert, grounded · sacred vibration",Medium Frequency,2026-05-11T11:12:43.986434
https://schema.org,CreativeWork,SAN-0247,Adimaya,adimaya,Raudra,114.5,['Rohini'],Moon,Prajapati,Sattva,Mūla śodhana (root),Brindavani Sarang,Oṁ adimayaya namaḥ,"fury, anger, intensity · pure, harmonious, balanced · sacred vibration",Medium Frequency,2026-05-11T11:12:43.986446
https://schema.org,CreativeWork,SAN-0248,Adipada,adipada,Vira,115.7,['Mrigashira'],Mars,Soma,Rajas,Kauśala (creativity),Hamsadhwani,Oṁ adipadaya namaḥ,"heroism, courage, valor · active, passionate, dynamic · sacred vibration",High Frequency,2026-05-11T11:12:43.986462
https://schema.org,CreativeWork,SAN-0249,Anandakara,anandakara,Bhayanaka,117.7,['Ardra'],Rahu,Rudra,Tamas,Nāyakatva (leadership),Bhoop,Oṁ anandakaraya namaḥ,"fear, terror, awe · stable, inert, grounded · sacred vibration",High Frequency,2026-05-11T11:12:43.986475
https://schema.org,CreativeWork,SAN-0250,Chitsthiti,chitsthiti,Bibhatsa,120.0,['Punarvasu'],Jupiter,Aditi,Sattva,Ārogya (healing),Bhoop,Oṁ chitsthitiye namaḥ,"aversion, disgust, repulsion · pure, harmonious, balanced · sacred vibration",Medium Frequency,2026-05-11T11:12:43.986488
https://schema.org,CreativeWork,SAN-0251,Chitlaya,chitlaya,Adbhuta,121.8,['Pushya'],Saturn,Brihaspati,Rajas,Śodhana (purification),Puriya Dhanashree,Oṁ chitlayaya namaḥ,"wonder, amazement, curiosity · active, passionate, dynamic · sacred vibration",Deep Frequency,2026-05-11T11:12:43.986499
https://schema.org,CreativeWork,SAN-0252,Anandananda,anandananda,Shanta,124.3,['Ashlesha'],Mercury,Sarpas,Tamas,Dhana (wealth),Kafi,Oṁ anandanandaya namaḥ,"peace, tranquility, stillness · stable, inert, grounded · sacred vibration",High Frequency,2026-05-11T11:12:43.986512
https://schema.org,CreativeWork,SAN-0253,Anandasthiti,anandasthiti,Shringara,125.8,['Magha'],Ketu,Pitrs,Sattva,Śuddhi (purification),Kafi,Oṁ anandasthitiye namaḥ,"love, beauty, devotion · pure, harmonious, balanced · sacred vibration",Medium Frequency,2026-05-11T11:12:43.986524
https://schema.org,CreativeWork,SAN-0254,Chitpada,chitpada,Hasya,128.2,['Purva Phalguni'],Venus,Bhaga,Rajas,Nāyakatva (leadership),Puriya Dhanashree,Oṁ chitpadaya namaḥ,"laughter, joy, mirth · active, passionate, dynamic · sacred vibration",Medium Frequency,2026-05-11T11:12:43.986536
https://schema.org,CreativeWork,SAN-0255,Vedarupa,vedarupa,Karuna,130.0,['Uttara Phalguni'],Sun,Aryaman,Tamas,Pauṣṭi (nourishment),Bhimpalasi,Oṁ vedarupaya namaḥ,"compassion, mercy, empathy · stable, inert, grounded · sacred vibration",Deep Frequency,2026-05-11T11:12:43.986550
https://schema.org,CreativeWork,SAN-0256,Aditva,aditva,Raudra,131.8,['Hasta'],Moon,Savitr,Sattva,Saṃvedana (intuition),Yaman,Oṁ aditvaya namaḥ,"fury, anger, intensity · pure, harmonious, balanced · sacred vibration",Medium Frequency,2026-05-11T11:12:43.986563
https://schema.org,CreativeWork,SAN-0257,Mahatva,mahatva,Vira,134.3,['Chitra'],Mars,Vishwakarma,Rajas,Śilpa (art),Rageshri,Oṁ mahatvaya namaḥ,"heroism, courage, valor · active, passionate, dynamic · sacred vibration",Medium Frequency,2026-05-11T11:12:43.986576
https://schema.org,CreativeWork,SAN-0258,Vedarupa,vedarupa,Bhayanaka,135.9,['Swati'],Rahu,Vayu,Tamas,Kuṇḍalinī (healing),Hamsadhwani,Oṁ vedarupaya namaḥ,"fear, terror, awe · stable, inert, grounded · sacred vibration",Medium Frequency,2026-05-11T11:12:43.986592
https://schema.org,CreativeWork,SAN-0259,Vedamaya,vedamaya,Bibhatsa,137.9,['Vishakha'],Jupiter,Indra-Agni,Sattva,Svātantrya (freedom),Kafi,Oṁ vedamayaya namaḥ,"aversion, disgust, repulsion · pure, harmonious, balanced · sacred vibration",Deep Frequency,2026-05-11T11:12:43.986604
https://schema.org,CreativeWork,SAN-0260,Vedatva,vedatva,Adbhuta,139.5,['Anuradha'],Saturn,Mitra,Rajas,Paitṛka (ancestral),Yaman,Oṁ vedatvaya namaḥ,"wonder, amazement, curiosity · active, passionate, dynamic · sacred vibration",High Frequency,2026-05-11T11:12:43.986616
https://schema.org,CreativeWork,SAN-0261,Pranasara,pranasara,Shanta,142.0,['Jyeshtha'],Mercury,Indra,Tamas,Parivartana (transformation),Rageshri,Oṁ pranasaraya namaḥ,"peace, tranquility, stillness · stable, inert, grounded · sacred vibration",High Frequency,2026-05-11T11:12:43.986629
https://schema.org,CreativeWork,SAN-0262,Atmamaya,atmamaya,Shringara,143.5,['Mula'],Ketu,Nirriti,Sattva,Śodhana (purification),Shankara,Oṁ atmamayaya namaḥ,"love, beauty, devotion · pure, harmonious, balanced · sacred vibration",Medium Frequency,2026-05-11T11:12:43.986641
https://schema.org,CreativeWork,SAN-0263,Vedananda,vedananda,Hasya,145.9,['Purva Ashadha'],Venus,Apas,Rajas,Śakti (power),Khamaj,Oṁ vedanandaya namaḥ,"laughter, joy, mirth · active, passionate, dynamic · sacred vibration",High Frequency,2026-05-11T11:12:43.986653
https://schema.org,CreativeWork,SAN-0264,Parakara,parakara,Karuna,147.9,['Uttara Ashadha'],Sun,Vishvedevas,Tamas,Śilpa (art),Khamaj,Oṁ parakaraya namaḥ,"compassion, mercy, empathy · stable, inert, grounded · sacred vibration",Medium Frequency,2026-05-11T11:12:43.986666
https://schema.org,CreativeWork,SAN-0265,Chitkara,chitkara,Raudra,150.4,['Shravana'],Moon,Vishnu,Sattva,Śakti (power),Hamsadhwani,Oṁ chitkaraya namaḥ,"fury, anger, intensity · pure, harmonious, balanced · sacred vibration",Medium Frequency,2026-05-11T11:12:43.986682
https://schema.org,CreativeWork,SAN-0266,Pranasthiti,pranasthiti,Vira,152.2,['Dhanishtha'],Mars,Vasus,Rajas,Śravaṇa (learning),Ahir Bhairav,Oṁ pranasthitiye namaḥ,"heroism, courage, valor · active, passionate, dynamic · sacred vibration",Medium Frequency,2026-05-11T11:12:43.986695
https://schema.org,CreativeWork,SAN-0267,Brahmalaya,brahmalaya,Bhayanaka,154.3,['Shatabhisha'],Rahu,Varuna,Tamas,Nāyakatva (leadership),Marwa,Oṁ brahmalayaya namaḥ,"fear, terror, awe · stable, inert, grounded · sacred vibration",High Frequency,2026-05-11T11:12:43.986707
https://schema.org,CreativeWork,SAN-0268,Vedananda,vedananda,Bibhatsa,155.8,['Purva Bhadrapada'],Jupiter,Aja Ekapada,Sattva,Śuddhi (purification),Marwa,Oṁ vedanandaya namaḥ,"aversion, disgust, repulsion · pure, harmonious, balanced · sacred vibration",Deep Frequency,2026-05-11T11:12:43.986721
https://schema.org,CreativeWork,SAN-0269,Svamaya,svamaya,Adbhuta,157.6,['Uttara Bhadrapada'],Saturn,Ahirbudhnya,Rajas,Saṃvedana (intuition),Bhairav,Oṁ svamayaya namaḥ,"wonder, amazement, curiosity · active, passionate, dynamic · sacred vibration",Medium Frequency,2026-05-11T11:12:43.986734
https://schema.org,CreativeWork,SAN-0270,Chitmaya,chitmaya,Shanta,160.2,['Revati'],Mercury,Pushan,Tamas,Paitṛka (ancestral),Todi,Oṁ chitmayaya namaḥ,"peace, tranquility, stillness · stable, inert, grounded · sacred vibration",Medium Frequency,2026-05-11T11:12:43.986748
https://schema.org,CreativeWork,SAN-0271,Brahmagata,brahmagata,Shringara,107.5,['Ashwini'],Ketu,Ashwini Kumaras,Sattva,Nāyakatva (leadership),Hamsadhwani,Oṁ brahmagataya namaḥ,"love, beauty, devotion · pure, harmonious, balanced · sacred vibration",Deep Frequency,2026-05-11T11:12:43.986760
https://schema.org,CreativeWork,SAN-0272,Mahasara,mahasara,Hasya,110.1,['Bharani'],Venus,Yama,Rajas,Śravaṇa (learning),Bhimpalasi,Oṁ mahasaraya namaḥ,"laughter, joy, mirth · active, passionate, dynamic · sacred vibration",Medium Frequency,2026-05-11T11:12:43.986772
https://schema.org,CreativeWork,SAN-0273,Vedarupa,vedarupa,Karuna,111.7,['Krittika'],Sun,Agni,Tamas,Śodhana (purification),Puriya Dhanashree,Oṁ vedarupaya namaḥ,"compassion, mercy, empathy · stable, inert, grounded · sacred vibration",Deep Frequency,2026-05-11T11:12:43.986784
https://schema.org,CreativeWork,SAN-0274,Mahatva,mahatva,Raudra,113.7,['Rohini'],Moon,Prajapati,Sattva,Parivartana (transformation),Shankara,Oṁ mahatvaya namaḥ,"fury, anger, intensity · pure, harmonious, balanced · sacred vibration",High Frequency,2026-05-11T11:12:43.986796
https://schema.org,CreativeWork,SAN-0275,Svasara,svasara,Vira,116.3,['Mrigashira'],Mars,Soma,Rajas,Śodhana (purification),Khamaj,Oṁ svasaraya namaḥ,"heroism, courage, valor · active, passionate, dynamic · sacred vibration",Deep Frequency,2026-05-11T11:12:43.986808
https://schema.org,CreativeWork,SAN-0276,Adisara,adisara,Bhayanaka,117.5,['Ardra'],Rahu,Rudra,Tamas,Śuddhi (purification),Rageshri,Oṁ adisaraya namaḥ,"fear, terror, awe · stable, inert, grounded · sacred vibration",Medium Frequency,2026-05-11T11:12:43.986820
https://schema.org,CreativeWork,SAN-0277,Chitmaya,chitmaya,Bibhatsa,120.0,['Punarvasu'],Jupiter,Aditi,Sattva,Parivartana (transformation),Kafi,Oṁ chitmayaya namaḥ,"aversion, disgust, repulsion · pure, harmonious, balanced · sacred vibration",High Frequency,2026-05-11T11:12:43.986832
https://schema.org,CreativeWork,SAN-0278,Atmatva,atmatva,Adbhuta,121.9,['Pushya'],Saturn,Brihaspati,Rajas,Dhana (wealth),Darbari,Oṁ atmatvaya namaḥ,"wonder, amazement, curiosity · active, passionate, dynamic · sacred vibration",Medium Frequency,2026-05-11T11:12:43.986846
https://schema.org,CreativeWork,SAN-0279,Adikara,adikara,Shanta,124.3,['Ashlesha'],Mercury,Sarpas,Tamas,Svātantrya (freedom),Hamsadhwani,Oṁ adikaraya namaḥ,"peace, tranquility, stillness · stable, inert, grounded · sacred vibration",High Frequency,2026-05-11T11:12:43.986858
https://schema.org,CreativeWork,SAN-0280,Svapada,svapada,Shringara,126.3,['Magha'],Ketu,Pitrs,Sattva,Pauṣṭi (nourishment),Shankara,Oṁ svapadaya namaḥ,"love, beauty, devotion · pure, harmonious, balanced · sacred vibration",High Frequency,2026-05-11T11:12:43.986871
https://schema.org,CreativeWork,SAN-0281,Anandasara,anandasara,Hasya,128.1,['Purva Phalguni'],Venus,Bhaga,Rajas,Kauśala (creativity),Bhoop,Oṁ anandasaraya namaḥ,"laughter, joy, mirth · active, passionate, dynamic · sacred vibration",Deep Frequency,2026-05-11T11:12:43.986883
https://schema.org,CreativeWork,SAN-0282,Atmananda,atmananda,Karuna,130.1,['Uttara Phalguni'],Sun,Aryaman,Tamas,Maitrī (friendship),Marwa,Oṁ atmanandaya namaḥ,"compassion, mercy, empathy · stable, inert, grounded · sacred vibration",Deep Frequency,2026-05-11T11:12:43.986899
https://schema.org,CreativeWork,SAN-0283,Parakara,parakara,Raudra,131.9,['Hasta'],Moon,Savitr,Sattva,Dhana (wealth),Kafi,Oṁ parakaraya namaḥ,"fury, anger, intensity · pure, harmonious, balanced · sacred vibration",High Frequency,2026-05-11T11:12:43.986911
https://schema.org,CreativeWork,SAN-0284,Adigata,adigata,Vira,134.1,['Chitra'],Mars,Vishwakarma,Rajas,Kuṇḍalinī (healing),Bageshree,Oṁ adigataya namaḥ,"heroism, courage, valor · active, passionate, dynamic · sacred vibration",Medium Frequency,2026-05-11T11:12:43.986923
https://schema.org,CreativeWork,SAN-0285,Paragata,paragata,Bhayanaka,136.2,['Swati'],Rahu,Vayu,Tamas,Maitrī (friendship),Bageshree,Oṁ paragataya namaḥ,"fear, terror, awe · stable, inert, grounded · sacred vibration",High Frequency,2026-05-11T11:12:43.986935
https://schema.org,CreativeWork,SAN-0286,Svakara,svakara,Bibhatsa,137.7,['Vishakha'],Jupiter,Indra-Agni,Sattva,Ārogya (healing),Todi,Oṁ svakaraya namaḥ,"aversion, disgust, repulsion · pure, harmonious, balanced · sacred vibration",Deep Frequency,2026-05-11T11:12:43.986947
https://schema.org,CreativeWork,SAN-0287,Mahakara,mahakara,Adbhuta,140.3,['Anuradha'],Saturn,Mitra,Rajas,Paitṛka (ancestral),Darbari,Oṁ mahakaraya namaḥ,"wonder, amazement, curiosity · active, passionate, dynamic · sacred vibration",Deep Frequency,2026-05-11T11:12:43.986963
https://schema.org,CreativeWork,SAN-0288,Vedapada,vedapada,Shanta,142.1,['Jyeshtha'],Mercury,Indra,Tamas,Maitrī (friendship),Brindavani Sarang,Oṁ vedapadaya namaḥ,"peace, tranquility, stillness · stable, inert, grounded · sacred vibration",Medium Frequency,2026-05-11T11:12:43.986978
https://schema.org,CreativeWork,SAN-0289,Anandatva,anandatva,Shringara,143.8,['Mula'],Ketu,Nirriti,Sattva,Nāyakatva (leadership),Kafi,Oṁ anandatvaya namaḥ,"love, beauty, devotion · pure, harmonious, balanced · sacred vibration",Medium Frequency,2026-05-11T11:12:43.986991
https://schema.org,CreativeWork,SAN-0290,Svasthiti,svasthiti,Hasya,146.2,['Purva Ashadha'],Venus,Apas,Rajas,Paitṛka (ancestral),Marwa,Oṁ svasthitiye namaḥ,"laughter, joy, mirth · active, passionate, dynamic · sacred vibration",Deep Frequency,2026-05-11T11:12:43.987003
https://schema.org,CreativeWork,SAN-0291,Vedatva,vedatva,Karuna,147.6,['Uttara Ashadha'],Sun,Vishvedevas,Tamas,Navīkaraṇa (renewal),Yaman,Oṁ vedatvaya namaḥ,"compassion, mercy, empathy · stable, inert, grounded · sacred vibration",High Frequency,2026-05-11T11:12:43.987015
https://schema.org,CreativeWork,SAN-0292,Pranakara,pranakara,Raudra,150.3,['Shravana'],Moon,Vishnu,Sattva,Ārogya (healing),Kafi,Oṁ pranakaraya namaḥ,"fury, anger, intensity · pure, harmonious, balanced · sacred vibration",Medium Frequency,2026-05-11T11:12:43.987027
https://schema.org,CreativeWork,SAN-0293,Mahagata,mahagata,Vira,151.8,['Dhanishtha'],Mars,Vasus,Rajas,Ārogya (healing),Bhairav,Oṁ mahagataya namaḥ,"heroism, courage, valor · active, passionate, dynamic · sacred vibration",Deep Frequency,2026-05-11T11:12:43.987040
https://schema.org,CreativeWork,SAN-0294,Mahananda,mahananda,Bhayanaka,154.0,['Shatabhisha'],Rahu,Varuna,Tamas,Pauṣṭi (nourishment),Yaman,Oṁ mahanandaya namaḥ,"fear, terror, awe · stable, inert, grounded · sacred vibration",Medium Frequency,2026-05-11T11:12:43.987054
https://schema.org,CreativeWork,SAN-0295,Anandamaya,anandamaya,Bibhatsa,155.7,['Purva Bhadrapada'],Jupiter,Aja Ekapada,Sattva,Parivartana (transformation),Puriya Dhanashree,Oṁ anandamayaya namaḥ,"aversion, disgust, repulsion · pure, harmonious, balanced · sacred vibration",High Frequency,2026-05-11T11:12:43.987068
https://schema.org,CreativeWork,SAN-0296,Pranakara,pranakara,Adbhuta,157.5,['Uttara Bhadrapada'],Saturn,Ahirbudhnya,Rajas,Vijaya (victory),Darbari,Oṁ pranakaraya namaḥ,"wonder, amazement, curiosity · active, passionate, dynamic · sacred vibration",Medium Frequency,2026-05-11T11:12:43.987080
https://schema.org,CreativeWork,SAN-0297,Vedananda,vedananda,Shanta,159.6,['Revati'],Mercury,Pushan,Tamas,Śakti (power),Darbari,Oṁ vedanandaya namaḥ,"peace, tranquility, stillness · stable, inert, grounded · sacred vibration",High Frequency,2026-05-11T11:12:43.987092
https://schema.org,CreativeWork,SAN-0298,Mahakara,mahakara,Shringara,107.8,['Ashwini'],Ketu,Ashwini Kumaras,Sattva,Vijaya (victory),Malkauns,Oṁ mahakaraya namaḥ,"love, beauty, devotion · pure, harmonious, balanced · sacred vibration",High Frequency,2026-05-11T11:12:43.987106
https://schema.org,CreativeWork,SAN-0299,Pranakara,pranakara,Hasya,110.1,['Bharani'],Venus,Yama,Rajas,Kauśala (creativity),Todi,Oṁ pranakaraya namaḥ,"laughter, joy, mirth · active, passionate, dynamic · sacred vibration",High Frequency,2026-05-11T11:12:43.987118
https://schema.org,CreativeWork,SAN-0300,Anandasthiti,anandasthiti,Karuna,112.0,['Krittika'],Sun,Agni,Tamas,Kuṇḍalinī (healing),Todi,Oṁ anandasthitiye namaḥ,"compassion, mercy, empathy · stable, inert, grounded · sacred vibration",High Frequency,2026-05-11T11:12:43.987131
https://schema.org,CreativeWork,SAN-0301,Parapada,parapada,Raudra,114.0,['Rohini'],Moon,Prajapati,Sattva,Pauṣṭi (nourishment),Ahir Bhairav,Oṁ parapadaya namaḥ,"fury, anger, intensity · pure, harmonious, balanced · sacred vibration",Deep Frequency,2026-05-11T11:12:43.987252
https://schema.org,CreativeWork,SAN-0302,Vedagata,vedagata,Vira,116.0,['Mrigashira'],Mars,Soma,Rajas,Śodhana (purification),Puriya Dhanashree,Oṁ vedagataya namaḥ,"heroism, courage, valor · active, passionate, dynamic · sacred vibration",Medium Frequency,2026-05-11T11:12:43.987268
https://schema.org,CreativeWork,SAN-0303,Mahakara,mahakara,Bhayanaka,117.5,['Ardra'],Rahu,Rudra,Tamas,Saṃkṣobha (transformation),Todi,Oṁ mahakaraya namaḥ,"fear, terror, awe · stable, inert, grounded · sacred vibration",High Frequency,2026-05-11T11:12:43.987281
https://schema.org,CreativeWork,SAN-0304,Pranatva,pranatva,Bibhatsa,120.2,['Punarvasu'],Jupiter,Aditi,Sattva,Nāyakatva (leadership),Hamsadhwani,Oṁ pranatvaya namaḥ,"aversion, disgust, repulsion · pure, harmonious, balanced · sacred vibration",Deep Frequency,2026-05-11T11:12:43.987298
https://schema.org,CreativeWork,SAN-0305,Pararupa,pararupa,Adbhuta,121.9,['Pushya'],Saturn,Brihaspati,Rajas,Kuṇḍalinī (healing),Bhoop,Oṁ pararupaya namaḥ,"wonder, amazement, curiosity · active, passionate, dynamic · sacred vibration",Deep Frequency,2026-05-11T11:12:43.987311
https://schema.org,CreativeWork,SAN-0306,Atmamaya,atmamaya,Shanta,124.0,['Ashlesha'],Mercury,Sarpas,Tamas,Kuṇḍalinī (healing),Yaman,Oṁ atmamayaya namaḥ,"peace, tranquility, stillness · stable, inert, grounded · sacred vibration",Medium Frequency,2026-05-11T11:12:43.987324
https://schema.org,CreativeWork,SAN-0307,Chitkara,chitkara,Shringara,126.1,['Magha'],Ketu,Pitrs,Sattva,Śodhana (purification),Darbari,Oṁ chitkaraya namaḥ,"love, beauty, devotion · pure, harmonious, balanced · sacred vibration",High Frequency,2026-05-11T11:12:43.987336
https://schema.org,CreativeWork,SAN-0308,Pararupa,pararupa,Hasya,127.9,['Purva Phalguni'],Venus,Bhaga,Rajas,Navīkaraṇa (renewal),Bhairav,Oṁ pararupaya namaḥ,"laughter, joy, mirth · active, passionate, dynamic · sacred vibration",Medium Frequency,2026-05-11T11:12:43.987350
https://schema.org,CreativeWork,SAN-0309,Pranakara,pranakara,Karuna,129.8,['Uttara Phalguni'],Sun,Aryaman,Tamas,Dhana (wealth),Darbari,Oṁ pranakaraya namaḥ,"compassion, mercy, empathy · stable, inert, grounded · sacred vibration",Medium Frequency,2026-05-11T11:12:43.987362
https://schema.org,CreativeWork,SAN-0310,Adimaya,adimaya,Raudra,131.8,['Hasta'],Moon,Savitr,Sattva,Saṃvedana (intuition),Puriya Dhanashree,Oṁ adimayaya namaḥ,"fury, anger, intensity · pure, harmonious, balanced · sacred vibration",High Frequency,2026-05-11T11:12:43.987376
https://schema.org,CreativeWork,SAN-0311,Chitsara,chitsara,Vira,134.0,['Chitra'],Mars,Vishwakarma,Rajas,Maitrī (friendship),Yaman,Oṁ chitsaraya namaḥ,"heroism, courage, valor · active, passionate, dynamic · sacred vibration",Medium Frequency,2026-05-11T11:12:43.987388
https://schema.org,CreativeWork,SAN-0312,Adisthiti,adisthiti,Bhayanaka,136.0,['Swati'],Rahu,Vayu,Tamas,Dhana (wealth),Khamaj,Oṁ adisthitiye namaḥ,"fear, terror, awe · stable, inert, grounded · sacred vibration",Medium Frequency,2026-05-11T11:12:43.987403
https://schema.org,CreativeWork,SAN-0313,Atmananda,atmananda,Bibhatsa,138.0,['Vishakha'],Jupiter,Indra-Agni,Sattva,Śravaṇa (learning),Hamsadhwani,Oṁ atmanandaya namaḥ,"aversion, disgust, repulsion · pure, harmonious, balanced · sacred vibration",Deep Frequency,2026-05-11T11:12:43.987416
https://schema.org,CreativeWork,SAN-0314,Chitpada,chitpada,Adbhuta,139.6,['Anuradha'],Saturn,Mitra,Rajas,Mūla śodhana (root),Bhoop,Oṁ chitpadaya namaḥ,"wonder, amazement, curiosity · active, passionate, dynamic · sacred vibration",High Frequency,2026-05-11T11:12:43.987429
https://schema.org,CreativeWork,SAN-0315,Brahmamaya,brahmamaya,Shanta,141.6,['Jyeshtha'],Mercury,Indra,Tamas,Pauṣṭi (nourishment),Rageshri,Oṁ brahmamayaya namaḥ,"peace, tranquility, stillness · stable, inert, grounded · sacred vibration",Deep Frequency,2026-05-11T11:12:43.987443
https://schema.org,CreativeWork,SAN-0316,Vedapada,vedapada,Shringara,144.0,['Mula'],Ketu,Nirriti,Sattva,Navīkaraṇa (renewal),Marwa,Oṁ vedapadaya namaḥ,"love, beauty, devotion · pure, harmonious, balanced · sacred vibration",Medium Frequency,2026-05-11T11:12:43.987456
https://schema.org,CreativeWork,SAN-0317,Adimaya,adimaya,Hasya,146.0,['Purva Ashadha'],Venus,Apas,Rajas,Parivartana (transformation),Hamsadhwani,Oṁ adimayaya namaḥ,"laughter, joy, mirth · active, passionate, dynamic · sacred vibration",Deep Frequency,2026-05-11T11:12:43.987469
https://schema.org,CreativeWork,SAN-0318,Anandarupa,anandarupa,Karuna,147.6,['Uttara Ashadha'],Sun,Vishvedevas,Tamas,Vijaya (victory),Khamaj,Oṁ anandarupaya namaḥ,"compassion, mercy, empathy · stable, inert, grounded · sacred vibration",Medium Frequency,2026-05-11T11:12:43.987483
https://schema.org,CreativeWork,SAN-0319,Brahmarupa,brahmarupa,Raudra,150.4,['Shravana'],Moon,Vishnu,Sattva,Mūla śodhana (root),Bhoop,Oṁ brahmarupaya namaḥ,"fury, anger, intensity · pure, harmonious, balanced · sacred vibration",Medium Frequency,2026-05-11T11:12:43.987497
https://schema.org,CreativeWork,SAN-0320,Chitnanda,chitnanda,Vira,152.0,['Dhanishtha'],Mars,Vasus,Rajas,Śodhana (purification),Darbari,Oṁ chitnandaya namaḥ,"heroism, courage, valor · active, passionate, dynamic · sacred vibration",Medium Frequency,2026-05-11T11:12:43.987509
https://schema.org,CreativeWork,SAN-0321,Chitmaya,chitmaya,Bhayanaka,153.6,['Shatabhisha'],Rahu,Varuna,Tamas,Kuṇḍalinī (healing),Bageshree,Oṁ chitmayaya namaḥ,"fear, terror, awe · stable, inert, grounded · sacred vibration",High Frequency,2026-05-11T11:12:43.987523
https://schema.org,CreativeWork,SAN-0322,Mahakara,mahakara,Bibhatsa,155.6,['Purva Bhadrapada'],Jupiter,Aja Ekapada,Sattva,Dhana (wealth),Todi,Oṁ mahakaraya namaḥ,"aversion, disgust, repulsion · pure, harmonious, balanced · sacred vibration",Deep Frequency,2026-05-11T11:12:43.987536
https://schema.org,CreativeWork,SAN-0323,Pranananda,pranananda,Adbhuta,157.7,['Uttara Bhadrapada'],Saturn,Ahirbudhnya,Rajas,Navīkaraṇa (renewal),Ahir Bhairav,Oṁ prananandaya namaḥ,"wonder, amazement, curiosity · active, passionate, dynamic · sacred vibration",Deep Frequency,2026-05-11T11:12:43.987548
https://schema.org,CreativeWork,SAN-0324,Svamaya,svamaya,Shanta,160.1,['Revati'],Mercury,Pushan,Tamas,Vijaya (victory),Kafi,Oṁ svamayaya namaḥ,"peace, tranquility, stillness · stable, inert, grounded · sacred vibration",Medium Frequency,2026-05-11T11:12:43.987561
https://schema.org,CreativeWork,SAN-0325,Vedatva,vedatva,Shringara,108.3,['Ashwini'],Ketu,Ashwini Kumaras,Sattva,Śodhana (purification),Bageshree,Oṁ vedatvaya namaḥ,"love, beauty, devotion · pure, harmonious, balanced · sacred vibration",Medium Frequency,2026-05-11T11:12:43.987574
https://schema.org,CreativeWork,SAN-0326,Chitmaya,chitmaya,Hasya,109.7,['Bharani'],Venus,Yama,Rajas,Śakti (power),Brindavani Sarang,Oṁ chitmayaya namaḥ,"laughter, joy, mirth · active, passionate, dynamic · sacred vibration",Deep Frequency,2026-05-11T11:12:43.987586
https://schema.org,CreativeWork,SAN-0327,Adirupa,adirupa,Karuna,112.2,['Krittika'],Sun,Agni,Tamas,Svātantrya (freedom),Kafi,Oṁ adirupaya namaḥ,"compassion, mercy, empathy · stable, inert, grounded · sacred vibration",High Frequency,2026-05-11T11:12:43.987600
https://schema.org,CreativeWork,SAN-0328,Pranatva,pranatva,Raudra,114.5,['Rohini'],Moon,Prajapati,Sattva,Mūla śodhana (root),Ahir Bhairav,Oṁ pranatvaya namaḥ,"fury, anger, intensity · pure, harmonious, balanced · sacred vibration",High Frequency,2026-05-11T11:12:43.987615
https://schema.org,CreativeWork,SAN-0329,Svapada,svapada,Vira,115.8,['Mrigashira'],Mars,Soma,Rajas,Śakti (power),Kafi,Oṁ svapadaya namaḥ,"heroism, courage, valor · active, passionate, dynamic · sacred vibration",Deep Frequency,2026-05-11T11:12:43.987628
https://schema.org,CreativeWork,SAN-0330,Mahalaya,mahalaya,Bhayanaka,118.4,['Ardra'],Rahu,Rudra,Tamas,Śakti (power),Brindavani Sarang,Oṁ mahalayaya namaḥ,"fear, terror, awe · stable, inert, grounded · sacred vibration",High Frequency,2026-05-11T11:12:43.987641
https://schema.org,CreativeWork,SAN-0331,Vedakara,vedakara,Bibhatsa,120.0,['Punarvasu'],Jupiter,Aditi,Sattva,Parivartana (transformation),Ahir Bhairav,Oṁ vedakaraya namaḥ,"aversion, disgust, repulsion · pure, harmonious, balanced · sacred vibration",Deep Frequency,2026-05-11T11:12:43.987653
https://schema.org,CreativeWork,SAN-0332,Adinanda,adinanda,Adbhuta,122.2,['Pushya'],Saturn,Brihaspati,Rajas,Vaivāhika (marriage),Ahir Bhairav,Oṁ adinandaya namaḥ,"wonder, amazement, curiosity · active, passionate, dynamic · sacred vibration",Deep Frequency,2026-05-11T11:12:43.987665
https://schema.org,CreativeWork,SAN-0333,Atmatva,atmatva,Shanta,124.4,['Ashlesha'],Mercury,Sarpas,Tamas,Pauṣṭi (nourishment),Khamaj,Oṁ atmatvaya namaḥ,"peace, tranquility, stillness · stable, inert, grounded · sacred vibration",Medium Frequency,2026-05-11T11:12:43.987677
https://schema.org,CreativeWork,SAN-0334,Parasthiti,parasthiti,Shringara,126.2,['Magha'],Ketu,Pitrs,Sattva,Saṃkṣobha (transformation),Shankara,Oṁ parasthitiye namaḥ,"love, beauty, devotion · pure, harmonious, balanced · sacred vibration",Medium Frequency,2026-05-11T11:12:43.987690
https://schema.org,CreativeWork,SAN-0335,Mahapada,mahapada,Hasya,128.3,['Purva Phalguni'],Venus,Bhaga,Rajas,Dhana (wealth),Hamsadhwani,Oṁ mahapadaya namaḥ,"laughter, joy, mirth · active, passionate, dynamic · sacred vibration",Deep Frequency,2026-05-11T11:12:43.987702
https://schema.org,CreativeWork,SAN-0336,Atmapada,atmapada,Karuna,129.8,['Uttara Phalguni'],Sun,Aryaman,Tamas,Dhana (wealth),Desh,Oṁ atmapadaya namaḥ,"compassion, mercy, empathy · stable, inert, grounded · sacred vibration",Medium Frequency,2026-05-11T11:12:43.987714
https://schema.org,CreativeWork,SAN-0337,Svananda,svananda,Raudra,131.7,['Hasta'],Moon,Savitr,Sattva,Saṃkṣobha (transformation),Marwa,Oṁ svanandaya namaḥ,"fury, anger, intensity · pure, harmonious, balanced · sacred vibration",Deep Frequency,2026-05-11T11:12:43.987726
https://schema.org,CreativeWork,SAN-0338,Adimaya,adimaya,Vira,133.7,['Chitra'],Mars,Vishwakarma,Rajas,Vijaya (victory),Ahir Bhairav,Oṁ adimayaya namaḥ,"heroism, courage, valor · active, passionate, dynamic · sacred vibration",Deep Frequency,2026-05-11T11:12:43.987740
https://schema.org,CreativeWork,SAN-0339,Pararupa,pararupa,Bhayanaka,135.9,['Swati'],Rahu,Vayu,Tamas,Saṃkṣobha (transformation),Kafi,Oṁ pararupaya namaḥ,"fear, terror, awe · stable, inert, grounded · sacred vibration",Medium Frequency,2026-05-11T11:12:43.987754
https://schema.org,CreativeWork,SAN-0340,Anandamaya,anandamaya,Bibhatsa,138.3,['Vishakha'],Jupiter,Indra-Agni,Sattva,Nāyakatva (leadership),Desh,Oṁ anandamayaya namaḥ,"aversion, disgust, repulsion · pure, harmonious, balanced · sacred vibration",High Frequency,2026-05-11T11:12:43.987767
https://schema.org,CreativeWork,SAN-0341,Anandasthiti,anandasthiti,Adbhuta,139.5,['Anuradha'],Saturn,Mitra,Rajas,Śakti (power),Desh,Oṁ anandasthitiye namaḥ,"wonder, amazement, curiosity · active, passionate, dynamic · sacred vibration",High Frequency,2026-05-11T11:12:43.987779
https://schema.org,CreativeWork,SAN-0342,Svakara,svakara,Shanta,142.4,['Jyeshtha'],Mercury,Indra,Tamas,Śodhana (purification),Darbari,Oṁ svakaraya namaḥ,"peace, tranquility, stillness · stable, inert, grounded · sacred vibration",Deep Frequency,2026-05-11T11:12:43.987791
https://schema.org,CreativeWork,SAN-0343,Brahmananda,brahmananda,Shringara,144.2,['Mula'],Ketu,Nirriti,Sattva,Kuṇḍalinī (healing),Malkauns,Oṁ brahmanandaya namaḥ,"love, beauty, devotion · pure, harmonious, balanced · sacred vibration",High Frequency,2026-05-11T11:12:43.987804
https://schema.org,CreativeWork,SAN-0344,Svamaya,svamaya,Hasya,145.5,['Purva Ashadha'],Venus,Apas,Rajas,Śilpa (art),Yaman,Oṁ svamayaya namaḥ,"laughter, joy, mirth · active, passionate, dynamic · sacred vibration",Deep Frequency,2026-05-11T11:12:43.987816
https://schema.org,CreativeWork,SAN-0345,Brahmasara,brahmasara,Karuna,148.1,['Uttara Ashadha'],Sun,Vishvedevas,Tamas,Śodhana (purification),Rageshri,Oṁ brahmasaraya namaḥ,"compassion, mercy, empathy · stable, inert, grounded · sacred vibration",Medium Frequency,2026-05-11T11:12:43.987828
https://schema.org,CreativeWork,SAN-0346,Adirupa,adirupa,Raudra,150.4,['Shravana'],Moon,Vishnu,Sattva,Pauṣṭi (nourishment),Marwa,Oṁ adirupaya namaḥ,"fury, anger, intensity · pure, harmonious, balanced · sacred vibration",Medium Frequency,2026-05-11T11:12:43.987841
https://schema.org,CreativeWork,SAN-0347,Paratva,paratva,Vira,152.4,['Dhanishtha'],Mars,Vasus,Rajas,Paitṛka (ancestral),Malkauns,Oṁ paratvaya namaḥ,"heroism, courage, valor · active, passionate, dynamic · sacred vibration",Deep Frequency,2026-05-11T11:12:43.987853
https://schema.org,CreativeWork,SAN-0348,Brahmasara,brahmasara,Bhayanaka,154.0,['Shatabhisha'],Rahu,Varuna,Tamas,Śuddhi (purification),Marwa,Oṁ brahmasaraya namaḥ,"fear, terror, awe · stable, inert, grounded · sacred vibration",High Frequency,2026-05-11T11:12:43.987866
https://schema.org,CreativeWork,SAN-0349,Adigata,adigata,Bibhatsa,155.5,['Purva Bhadrapada'],Jupiter,Aja Ekapada,Sattva,Śravaṇa (learning),Bhoop,Oṁ adigataya namaḥ,"aversion, disgust, repulsion · pure, harmonious, balanced · sacred vibration",Deep Frequency,2026-05-11T11:12:43.987879
https://schema.org,CreativeWork,SAN-0350,Vedamaya,vedamaya,Adbhuta,157.5,['Uttara Bhadrapada'],Saturn,Ahirbudhnya,Rajas,Paitṛka (ancestral),Rageshri,Oṁ vedamayaya namaḥ,"wonder, amazement, curiosity · active, passionate, dynamic · sacred vibration",High Frequency,2026-05-11T11:12:43.987891
https://schema.org,CreativeWork,SAN-0351,Svananda,svananda,Shanta,160.0,['Revati'],Mercury,Pushan,Tamas,Parivartana (transformation),Bageshree,Oṁ svanandaya namaḥ,"peace, tranquility, stillness · stable, inert, grounded · sacred vibration",Deep Frequency,2026-05-11T11:12:43.987904
https://schema.org,CreativeWork,SAN-0352,Atmasthiti,atmasthiti,Shringara,108.0,['Ashwini'],Ketu,Ashwini Kumaras,Sattva,Mūla śodhana (root),Rageshri,Oṁ atmasthitiye namaḥ,"love, beauty, devotion · pure, harmonious, balanced · sacred vibration",Deep Frequency,2026-05-11T11:12:43.987917
https://schema.org,CreativeWork,SAN-0353,Pranarupa,pranarupa,Hasya,109.5,['Bharani'],Venus,Yama,Rajas,Vijaya (victory),Bhoop,Oṁ pranarupaya namaḥ,"laughter, joy, mirth · active, passionate, dynamic · sacred vibration",High Frequency,2026-05-11T11:12:43.987929
https://schema.org,CreativeWork,SAN-0354,Atmakara,atmakara,Karuna,111.9,['Krittika'],Sun,Agni,Tamas,Svātantrya (freedom),Todi,Oṁ atmakaraya namaḥ,"compassion, mercy, empathy · stable, inert, grounded · sacred vibration",Medium Frequency,2026-05-11T11:12:43.987944
https://schema.org,CreativeWork,SAN-0355,Adikara,adikara,Raudra,114.4,['Rohini'],Moon,Prajapati,Sattva,Śodhana (purification),Shankara,Oṁ adikaraya namaḥ,"fury, anger, intensity · pure, harmonious, balanced · sacred vibration",High Frequency,2026-05-11T11:12:43.987961
https://schema.org,CreativeWork,SAN-0356,Anandapada,anandapada,Vira,115.7,['Mrigashira'],Mars,Soma,Rajas,Ārogya (healing),Bhimpalasi,Oṁ anandapadaya namaḥ,"heroism, courage, valor · active, passionate, dynamic · sacred vibration",Deep Frequency,2026-05-11T11:12:43.987974
https://schema.org,CreativeWork,SAN-0357,Parasara,parasara,Bhayanaka,118.2,['Ardra'],Rahu,Rudra,Tamas,Kauśala (creativity),Yaman,Oṁ parasaraya namaḥ,"fear, terror, awe · stable, inert, grounded · sacred vibration",High Frequency,2026-05-11T11:12:43.987986
https://schema.org,CreativeWork,SAN-0358,Paratva,paratva,Bibhatsa,119.9,['Punarvasu'],Jupiter,Aditi,Sattva,Paitṛka (ancestral),Khamaj,Oṁ paratvaya namaḥ,"aversion, disgust, repulsion · pure, harmonious, balanced · sacred vibration",High Frequency,2026-05-11T11:12:43.988000
https://schema.org,CreativeWork,SAN-0359,Anandasara,anandasara,Adbhuta,122.4,['Pushya'],Saturn,Brihaspati,Rajas,Śilpa (art),Kafi,Oṁ anandasaraya namaḥ,"wonder, amazement, curiosity · active, passionate, dynamic · sacred vibration",High Frequency,2026-05-11T11:12:43.988012
https://schema.org,CreativeWork,SAN-0360,Chitgata,chitgata,Shanta,124.2,['Ashlesha'],Mercury,Sarpas,Tamas,Mūla śodhana (root),Rageshri,Oṁ chitgataya namaḥ,"peace, tranquility, stillness · stable, inert, grounded · sacred vibration",Medium Frequency,2026-05-11T11:12:43.988024
https://schema.org,CreativeWork,SAN-0361,Anandapada,anandapada,Shringara,126.0,['Magha'],Ketu,Pitrs,Sattva,Kauśala (creativity),Ahir Bhairav,Oṁ anandapadaya namaḥ,"love, beauty, devotion · pure, harmonious, balanced · sacred vibration",Medium Frequency,2026-05-11T11:12:43.988037
https://schema.org,CreativeWork,SAN-0362,Anandamaya,anandamaya,Hasya,128.0,['Purva Phalguni'],Venus,Bhaga,Rajas,Ārogya (healing),Ahir Bhairav,Oṁ anandamayaya namaḥ,"laughter, joy, mirth · active, passionate, dynamic · sacred vibration",Medium Frequency,2026-05-11T11:12:43.988049
https://schema.org,CreativeWork,SAN-0363,Mahakara,mahakara,Karuna,130.3,['Uttara Phalguni'],Sun,Aryaman,Tamas,Svātantrya (freedom),Malkauns,Oṁ mahakaraya namaḥ,"compassion, mercy, empathy · stable, inert, grounded · sacred vibration",High Frequency,2026-05-11T11:12:43.988063
https://schema.org,CreativeWork,SAN-0364,Mahakara,mahakara,Raudra,131.9,['Hasta'],Moon,Savitr,Sattva,Śodhana (purification),Brindavani Sarang,Oṁ mahakaraya namaḥ,"fury, anger, intensity · pure, harmonious, balanced · sacred vibration",High Frequency,2026-05-11T11:12:43.988075
https://schema.org,CreativeWork,SAN-0365,Chitmaya,chitmaya,Vira,134.4,['Chitra'],Mars,Vishwakarma,Rajas,Vijaya (victory),Darbari,Oṁ chitmayaya namaḥ,"heroism, courage, valor · active, passionate, dynamic · sacred vibration",Deep Frequency,2026-05-11T11:12:43.988087
https://schema.org,CreativeWork,SAN-0366,Mahakara,mahakara,Bhayanaka,136.4,['Swati'],Rahu,Vayu,Tamas,Pauṣṭi (nourishment),Hamsadhwani,Oṁ mahakaraya namaḥ,"fear, terror, awe · stable, inert, grounded · sacred vibration",Deep Frequency,2026-05-11T11:12:43.988099
https://schema.org,CreativeWork,SAN-0367,Brahmasthiti,brahmasthiti,Bibhatsa,138.5,['Vishakha'],Jupiter,Indra-Agni,Sattva,Śilpa (art),Desh,Oṁ brahmasthitiye namaḥ,"aversion, disgust, repulsion · pure, harmonious, balanced · sacred vibration",Medium Frequency,2026-05-11T11:12:43.988111
https://schema.org,CreativeWork,SAN-0368,Chitnanda,chitnanda,Adbhuta,140.0,['Anuradha'],Saturn,Mitra,Rajas,Saṃkṣobha (transformation),Darbari,Oṁ chitnandaya namaḥ,"wonder, amazement, curiosity · active, passionate, dynamic · sacred vibration",Deep Frequency,2026-05-11T11:12:43.988127
https://schema.org,CreativeWork,SAN-0369,Adikara,adikara,Shanta,141.8,['Jyeshtha'],Mercury,Indra,Tamas,Śilpa (art),Rageshri,Oṁ adikaraya namaḥ,"peace, tranquility, stillness · stable, inert, grounded · sacred vibration",Deep Frequency,2026-05-11T11:12:43.988142
https://schema.org,CreativeWork,SAN-0370,Atmagata,atmagata,Shringara,143.9,['Mula'],Ketu,Nirriti,Sattva,Śodhana (purification),Khamaj,Oṁ atmagataya namaḥ,"love, beauty, devotion · pure, harmonious, balanced · sacred vibration",High Frequency,2026-05-11T11:12:43.988154
https://schema.org,CreativeWork,SAN-0371,Parasthiti,parasthiti,Hasya,145.6,['Purva Ashadha'],Venus,Apas,Rajas,Nāyakatva (leadership),Bhimpalasi,Oṁ parasthitiye namaḥ,"laughter, joy, mirth · active, passionate, dynamic · sacred vibration",Medium Frequency,2026-05-11T11:12:43.988166
https://schema.org,CreativeWork,SAN-0372,Adigata,adigata,Karuna,147.8,['Uttara Ashadha'],Sun,Vishvedevas,Tamas,Svātantrya (freedom),Puriya Dhanashree,Oṁ adigataya namaḥ,"compassion, mercy, empathy · stable, inert, grounded · sacred vibration",High Frequency,2026-05-11T11:12:43.988178
https://schema.org,CreativeWork,SAN-0373,Chitnanda,chitnanda,Raudra,150.4,['Shravana'],Moon,Vishnu,Sattva,Śakti (power),Marwa,Oṁ chitnandaya namaḥ,"fury, anger, intensity · pure, harmonious, balanced · sacred vibration",Deep Frequency,2026-05-11T11:12:43.988191
https://schema.org,CreativeWork,SAN-0374,Atmasthiti,atmasthiti,Vira,151.9,['Dhanishtha'],Mars,Vasus,Rajas,Śravaṇa (learning),Khamaj,Oṁ atmasthitiye namaḥ,"heroism, courage, valor · active, passionate, dynamic · sacred vibration",High Frequency,2026-05-11T11:12:43.988205
https://schema.org,CreativeWork,SAN-0375,Brahmamaya,brahmamaya,Bhayanaka,154.3,['Shatabhisha'],Rahu,Varuna,Tamas,Navīkaraṇa (renewal),Puriya Dhanashree,Oṁ brahmamayaya namaḥ,"fear, terror, awe · stable, inert, grounded · sacred vibration",Medium Frequency,2026-05-11T11:12:43.988217
https://schema.org,CreativeWork,SAN-0376,Svatva,svatva,Bibhatsa,156.4,['Purva Bhadrapada'],Jupiter,Aja Ekapada,Sattva,Maitrī (friendship),Bhoop,Oṁ svatvaya namaḥ,"aversion, disgust, repulsion · pure, harmonious, balanced · sacred vibration",Medium Frequency,2026-05-11T11:12:43.988229
https://schema.org,CreativeWork,SAN-0377,Adisara,adisara,Adbhuta,158.5,['Uttara Bhadrapada'],Saturn,Ahirbudhnya,Rajas,Saṃvedana (intuition),Darbari,Oṁ adisaraya namaḥ,"wonder, amazement, curiosity · active, passionate, dynamic · sacred vibration",Medium Frequency,2026-05-11T11:12:43.988242
https://schema.org,CreativeWork,SAN-0378,Adimaya,adimaya,Shanta,159.7,['Revati'],Mercury,Pushan,Tamas,Navīkaraṇa (renewal),Malkauns,Oṁ adimayaya namaḥ,"peace, tranquility, stillness · stable, inert, grounded · sacred vibration",Deep Frequency,2026-05-11T11:12:43.988255
https://schema.org,CreativeWork,SAN-0379,Atmasara,atmasara,Shringara,107.7,['Ashwini'],Ketu,Ashwini Kumaras,Sattva,Maitrī (friendship),Bhimpalasi,Oṁ atmasaraya namaḥ,"love, beauty, devotion · pure, harmonious, balanced · sacred vibration",Medium Frequency,2026-05-11T11:12:43.988268
https://schema.org,CreativeWork,SAN-0380,Brahmasthiti,brahmasthiti,Hasya,110.4,['Bharani'],Venus,Yama,Rajas,Vijaya (victory),Kafi,Oṁ brahmasthitiye namaḥ,"laughter, joy, mirth · active, passionate, dynamic · sacred vibration",Medium Frequency,2026-05-11T11:12:43.988280
https://schema.org,CreativeWork,SAN-0381,Pranapada,pranapada,Karuna,111.8,['Krittika'],Sun,Agni,Tamas,Śuddhi (purification),Marwa,Oṁ pranapadaya namaḥ,"compassion, mercy, empathy · stable, inert, grounded · sacred vibration",Medium Frequency,2026-05-11T11:12:43.988295
https://schema.org,CreativeWork,SAN-0382,Anandakara,anandakara,Raudra,113.9,['Rohini'],Moon,Prajapati,Sattva,Mūla śodhana (root),Malkauns,Oṁ anandakaraya namaḥ,"fury, anger, intensity · pure, harmonious, balanced · sacred vibration",Medium Frequency,2026-05-11T11:12:43.988307
https://schema.org,CreativeWork,SAN-0383,Anandananda,anandananda,Vira,115.5,['Mrigashira'],Mars,Soma,Rajas,Vaivāhika (marriage),Shankara,Oṁ anandanandaya namaḥ,"heroism, courage, valor · active, passionate, dynamic · sacred vibration",High Frequency,2026-05-11T11:12:43.988320
https://schema.org,CreativeWork,SAN-0384,Svasara,svasara,Bhayanaka,117.8,['Ardra'],Rahu,Rudra,Tamas,Paitṛka (ancestral),Puriya Dhanashree,Oṁ svasaraya namaḥ,"fear, terror, awe · stable, inert, grounded · sacred vibration",Medium Frequency,2026-05-11T11:12:43.988332
https://schema.org,CreativeWork,SAN-0385,Atmasara,atmasara,Bibhatsa,120.0,['Punarvasu'],Jupiter,Aditi,Sattva,Paitṛka (ancestral),Bageshree,Oṁ atmasaraya namaḥ,"aversion, disgust, repulsion · pure, harmonious, balanced · sacred vibration",Deep Frequency,2026-05-11T11:12:43.988344
https://schema.org,CreativeWork,SAN-0386,Aditva,aditva,Adbhuta,122.1,['Pushya'],Saturn,Brihaspati,Rajas,Śodhana (purification),Puriya Dhanashree,Oṁ aditvaya namaḥ,"wonder, amazement, curiosity · active, passionate, dynamic · sacred vibration",High Frequency,2026-05-11T11:12:43.988358
https://schema.org,CreativeWork,SAN-0387,Brahmagata,brahmagata,Shanta,123.6,['Ashlesha'],Mercury,Sarpas,Tamas,Svātantrya (freedom),Yaman,Oṁ brahmagataya namaḥ,"peace, tranquility, stillness · stable, inert, grounded · sacred vibration",High Frequency,2026-05-11T11:12:43.988371
https://schema.org,CreativeWork,SAN-0388,Chitmaya,chitmaya,Shringara,126.1,['Magha'],Ketu,Pitrs,Sattva,Vijaya (victory),Brindavani Sarang,Oṁ chitmayaya namaḥ,"love, beauty, devotion · pure, harmonious, balanced · sacred vibration",High Frequency,2026-05-11T11:12:43.988385
https://schema.org,CreativeWork,SAN-0389,Adisthiti,adisthiti,Hasya,128.4,['Purva Phalguni'],Venus,Bhaga,Rajas,Vaivāhika (marriage),Rageshri,Oṁ adisthitiye namaḥ,"laughter, joy, mirth · active, passionate, dynamic · sacred vibration",High Frequency,2026-05-11T11:12:43.988397
https://schema.org,CreativeWork,SAN-0390,Anandamaya,anandamaya,Karuna,129.7,['Uttara Phalguni'],Sun,Aryaman,Tamas,Pauṣṭi (nourishment),Bhoop,Oṁ anandamayaya namaḥ,"compassion, mercy, empathy · stable, inert, grounded · sacred vibration",Medium Frequency,2026-05-11T11:12:43.988410
https://schema.org,CreativeWork,SAN-0391,Pararupa,pararupa,Raudra,132.1,['Hasta'],Moon,Savitr,Sattva,Dhana (wealth),Darbari,Oṁ pararupaya namaḥ,"fury, anger, intensity · pure, harmonious, balanced · sacred vibration",High Frequency,2026-05-11T11:12:43.988422
https://schema.org,CreativeWork,SAN-0392,Atmananda,atmananda,Vira,134.3,['Chitra'],Mars,Vishwakarma,Rajas,Vijaya (victory),Bhoop,Oṁ atmanandaya namaḥ,"heroism, courage, valor · active, passionate, dynamic · sacred vibration",High Frequency,2026-05-11T11:12:43.988434
https://schema.org,CreativeWork,SAN-0393,Vedasara,vedasara,Bhayanaka,136.4,['Swati'],Rahu,Vayu,Tamas,Śodhana (purification),Bhairav,Oṁ vedasaraya namaḥ,"fear, terror, awe · stable, inert, grounded · sacred vibration",Deep Frequency,2026-05-11T11:12:43.988446
https://schema.org,CreativeWork,SAN-0394,Anandananda,anandananda,Bibhatsa,137.9,['Vishakha'],Jupiter,Indra-Agni,Sattva,Nāyakatva (leadership),Rageshri,Oṁ anandanandaya namaḥ,"aversion, disgust, repulsion · pure, harmonious, balanced · sacred vibration",Deep Frequency,2026-05-11T11:12:43.988459
https://schema.org,CreativeWork,SAN-0395,Parananda,parananda,Adbhuta,140.1,['Anuradha'],Saturn,Mitra,Rajas,Ārogya (healing),Kafi,Oṁ paranandaya namaḥ,"wonder, amazement, curiosity · active, passionate, dynamic · sacred vibration",High Frequency,2026-05-11T11:12:43.988471
https://schema.org,CreativeWork,SAN-0396,Brahmalaya,brahmalaya,Shanta,142.4,['Jyeshtha'],Mercury,Indra,Tamas,Śravaṇa (learning),Shankara,Oṁ brahmalayaya namaḥ,"peace, tranquility, stillness · stable, inert, grounded · sacred vibration",Medium Frequency,2026-05-11T11:12:43.988484
https://schema.org,CreativeWork,SAN-0397,Atmarupa,atmarupa,Shringara,143.7,['Mula'],Ketu,Nirriti,Sattva,Śakti (power),Rageshri,Oṁ atmarupaya namaḥ,"love, beauty, devotion · pure, harmonious, balanced · sacred vibration",High Frequency,2026-05-11T11:12:43.988498
https://schema.org,CreativeWork,SAN-0398,Brahmananda,brahmananda,Hasya,146.1,['Purva Ashadha'],Venus,Apas,Rajas,Saṃvedana (intuition),Puriya Dhanashree,Oṁ brahmanandaya namaḥ,"laughter, joy, mirth · active, passionate, dynamic · sacred vibration",High Frequency,2026-05-11T11:12:43.988512
https://schema.org,CreativeWork,SAN-0399,Atmasara,atmasara,Karuna,148.3,['Uttara Ashadha'],Sun,Vishvedevas,Tamas,Śravaṇa (learning),Bageshree,Oṁ atmasaraya namaḥ,"compassion, mercy, empathy · stable, inert, grounded · sacred vibration",Deep Frequency,2026-05-11T11:12:43.988524
https://schema.org,CreativeWork,SAN-0400,Anandakara,anandakara,Raudra,150.2,['Shravana'],Moon,Vishnu,Sattva,Svātantrya (freedom),Bhoop,Oṁ anandakaraya namaḥ,"fury, anger, intensity · pure, harmonious, balanced · sacred vibration",Deep Frequency,2026-05-11T11:12:43.988537
https://schema.org,CreativeWork,SAN-0401,Vedapada,vedapada,Vira,151.6,['Dhanishtha'],Mars,Vasus,Rajas,Vaivāhika (marriage),Todi,Oṁ vedapadaya namaḥ,"heroism, courage, valor · active, passionate, dynamic · sacred vibration",High Frequency,2026-05-11T11:12:43.988650
https://schema.org,CreativeWork,SAN-0402,Mahasthiti,mahasthiti,Bhayanaka,154.3,['Shatabhisha'],Rahu,Varuna,Tamas,Śilpa (art),Bhoop,Oṁ mahasthitiye namaḥ,"fear, terror, awe · stable, inert, grounded · sacred vibration",Medium Frequency,2026-05-11T11:12:43.988667
https://schema.org,CreativeWork,SAN-0403,Svapada,svapada,Bibhatsa,155.8,['Purva Bhadrapada'],Jupiter,Aja Ekapada,Sattva,Parivartana (transformation),Bhoop,Oṁ svapadaya namaḥ,"aversion, disgust, repulsion · pure, harmonious, balanced · sacred vibration",High Frequency,2026-05-11T11:12:43.988681
https://schema.org,CreativeWork,SAN-0404,Chitmaya,chitmaya,Adbhuta,158.1,['Uttara Bhadrapada'],Saturn,Ahirbudhnya,Rajas,Nāyakatva (leadership),Hamsadhwani,Oṁ chitmayaya namaḥ,"wonder, amazement, curiosity · active, passionate, dynamic · sacred vibration",Medium Frequency,2026-05-11T11:12:43.988693
https://schema.org,CreativeWork,SAN-0405,Pranagata,pranagata,Shanta,160.2,['Revati'],Mercury,Pushan,Tamas,Pauṣṭi (nourishment),Shankara,Oṁ pranagataya namaḥ,"peace, tranquility, stillness · stable, inert, grounded · sacred vibration",High Frequency,2026-05-11T11:12:43.988705
https://schema.org,CreativeWork,SAN-0406,Mahasthiti,mahasthiti,Shringara,108.2,['Ashwini'],Ketu,Ashwini Kumaras,Sattva,Śilpa (art),Brindavani Sarang,Oṁ mahasthitiye namaḥ,"love, beauty, devotion · pure, harmonious, balanced · sacred vibration",High Frequency,2026-05-11T11:12:43.988718
https://schema.org,CreativeWork,SAN-0407,Pranatva,pranatva,Hasya,109.9,['Bharani'],Venus,Yama,Rajas,Saṃvedana (intuition),Kafi,Oṁ pranatvaya namaḥ,"laughter, joy, mirth · active, passionate, dynamic · sacred vibration",Medium Frequency,2026-05-11T11:12:43.988730
https://schema.org,CreativeWork,SAN-0408,Anandagata,anandagata,Karuna,111.8,['Krittika'],Sun,Agni,Tamas,Paitṛka (ancestral),Kafi,Oṁ anandagataya namaḥ,"compassion, mercy, empathy · stable, inert, grounded · sacred vibration",Deep Frequency,2026-05-11T11:12:43.988747
https://schema.org,CreativeWork,SAN-0409,Atmagata,atmagata,Raudra,113.8,['Rohini'],Moon,Prajapati,Sattva,Navīkaraṇa (renewal),Puriya Dhanashree,Oṁ atmagataya namaḥ,"fury, anger, intensity · pure, harmonious, balanced · sacred vibration",High Frequency,2026-05-11T11:12:43.988759
https://schema.org,CreativeWork,SAN-0410,Pranalaya,pranalaya,Vira,115.5,['Mrigashira'],Mars,Soma,Rajas,Maitrī (friendship),Ahir Bhairav,Oṁ pranalayaya namaḥ,"heroism, courage, valor · active, passionate, dynamic · sacred vibration",High Frequency,2026-05-11T11:12:43.988774
https://schema.org,CreativeWork,SAN-0411,Chitrupa,chitrupa,Bhayanaka,118.1,['Ardra'],Rahu,Rudra,Tamas,Kauśala (creativity),Hamsadhwani,Oṁ chitrupaya namaḥ,"fear, terror, awe · stable, inert, grounded · sacred vibration",High Frequency,2026-05-11T11:12:43.988787
https://schema.org,CreativeWork,SAN-0412,Svasara,svasara,Bibhatsa,120.3,['Punarvasu'],Jupiter,Aditi,Sattva,Pauṣṭi (nourishment),Marwa,Oṁ svasaraya namaḥ,"aversion, disgust, repulsion · pure, harmonious, balanced · sacred vibration",Deep Frequency,2026-05-11T11:12:43.988800
https://schema.org,CreativeWork,SAN-0413,Atmakara,atmakara,Adbhuta,122.5,['Pushya'],Saturn,Brihaspati,Rajas,Ārogya (healing),Ahir Bhairav,Oṁ atmakaraya namaḥ,"wonder, amazement, curiosity · active, passionate, dynamic · sacred vibration",Deep Frequency,2026-05-11T11:12:43.988813
https://schema.org,CreativeWork,SAN-0414,Atmatva,atmatva,Shanta,123.6,['Ashlesha'],Mercury,Sarpas,Tamas,Śodhana (purification),Yaman,Oṁ atmatvaya namaḥ,"peace, tranquility, stillness · stable, inert, grounded · sacred vibration",Deep Frequency,2026-05-11T11:12:43.988825
https://schema.org,CreativeWork,SAN-0415,Atmamaya,atmamaya,Shringara,126.3,['Magha'],Ketu,Pitrs,Sattva,Kauśala (creativity),Malkauns,Oṁ atmamayaya namaḥ,"love, beauty, devotion · pure, harmonious, balanced · sacred vibration",High Frequency,2026-05-11T11:12:43.988838
https://schema.org,CreativeWork,SAN-0416,Brahmasara,brahmasara,Hasya,128.5,['Purva Phalguni'],Venus,Bhaga,Rajas,Paitṛka (ancestral),Yaman,Oṁ brahmasaraya namaḥ,"laughter, joy, mirth · active, passionate, dynamic · sacred vibration",Deep Frequency,2026-05-11T11:12:43.988850
https://schema.org,CreativeWork,SAN-0417,Brahmasthiti,brahmasthiti,Karuna,129.6,['Uttara Phalguni'],Sun,Aryaman,Tamas,Maitrī (friendship),Bageshree,Oṁ brahmasthitiye namaḥ,"compassion, mercy, empathy · stable, inert, grounded · sacred vibration",High Frequency,2026-05-11T11:12:43.988863
https://schema.org,CreativeWork,SAN-0418,Chitgata,chitgata,Raudra,132.3,['Hasta'],Moon,Savitr,Sattva,Dhana (wealth),Shankara,Oṁ chitgataya namaḥ,"fury, anger, intensity · pure, harmonious, balanced · sacred vibration",Deep Frequency,2026-05-11T11:12:43.988883
https://schema.org,CreativeWork,SAN-0419,Parakara,parakara,Vira,133.7,['Chitra'],Mars,Vishwakarma,Rajas,Ārogya (healing),Bhoop,Oṁ parakaraya namaḥ,"heroism, courage, valor · active, passionate, dynamic · sacred vibration",High Frequency,2026-05-11T11:12:43.988897
https://schema.org,CreativeWork,SAN-0420,Atmamaya,atmamaya,Bhayanaka,135.7,['Swati'],Rahu,Vayu,Tamas,Kauśala (creativity),Khamaj,Oṁ atmamayaya namaḥ,"fear, terror, awe · stable, inert, grounded · sacred vibration",High Frequency,2026-05-11T11:12:43.988909
https://schema.org,CreativeWork,SAN-0421,Paramaya,paramaya,Bibhatsa,138.2,['Vishakha'],Jupiter,Indra-Agni,Sattva,Ārogya (healing),Shankara,Oṁ paramayaya namaḥ,"aversion, disgust, repulsion · pure, harmonious, balanced · sacred vibration",Medium Frequency,2026-05-11T11:12:43.988922
https://schema.org,CreativeWork,SAN-0422,Paratva,paratva,Adbhuta,140.0,['Anuradha'],Saturn,Mitra,Rajas,Parivartana (transformation),Bageshree,Oṁ paratvaya namaḥ,"wonder, amazement, curiosity · active, passionate, dynamic · sacred vibration",Medium Frequency,2026-05-11T11:12:43.988934
https://schema.org,CreativeWork,SAN-0423,Pranarupa,pranarupa,Shanta,141.8,['Jyeshtha'],Mercury,Indra,Tamas,Śravaṇa (learning),Darbari,Oṁ pranarupaya namaḥ,"peace, tranquility, stillness · stable, inert, grounded · sacred vibration",Deep Frequency,2026-05-11T11:12:43.988946
https://schema.org,CreativeWork,SAN-0424,Adikara,adikara,Shringara,144.2,['Mula'],Ketu,Nirriti,Sattva,Kuṇḍalinī (healing),Marwa,Oṁ adikaraya namaḥ,"love, beauty, devotion · pure, harmonious, balanced · sacred vibration",Medium Frequency,2026-05-11T11:12:43.988981
https://schema.org,CreativeWork,SAN-0425,Adimaya,adimaya,Hasya,145.5,['Purva Ashadha'],Venus,Apas,Rajas,Śuddhi (purification),Puriya Dhanashree,Oṁ adimayaya namaḥ,"laughter, joy, mirth · active, passionate, dynamic · sacred vibration",High Frequency,2026-05-11T11:12:43.988995
https://schema.org,CreativeWork,SAN-0426,Chitrupa,chitrupa,Karuna,148.0,['Uttara Ashadha'],Sun,Vishvedevas,Tamas,Navīkaraṇa (renewal),Khamaj,Oṁ chitrupaya namaḥ,"compassion, mercy, empathy · stable, inert, grounded · sacred vibration",Medium Frequency,2026-05-11T11:12:43.989050
https://schema.org,CreativeWork,SAN-0427,Chitmaya,chitmaya,Raudra,150.3,['Shravana'],Moon,Vishnu,Sattva,Vaivāhika (marriage),Kafi,Oṁ chitmayaya namaḥ,"fury, anger, intensity · pure, harmonious, balanced · sacred vibration",High Frequency,2026-05-11T11:12:43.989074
https://schema.org,CreativeWork,SAN-0428,Svarupa,svarupa,Vira,151.6,['Dhanishtha'],Mars,Vasus,Rajas,Pauṣṭi (nourishment),Bhairav,Oṁ svarupaya namaḥ,"heroism, courage, valor · active, passionate, dynamic · sacred vibration",Medium Frequency,2026-05-11T11:12:43.989092
https://schema.org,CreativeWork,SAN-0429,Chitgata,chitgata,Bhayanaka,153.6,['Shatabhisha'],Rahu,Varuna,Tamas,Kuṇḍalinī (healing),Todi,Oṁ chitgataya namaḥ,"fear, terror, awe · stable, inert, grounded · sacred vibration",Deep Frequency,2026-05-11T11:12:43.989110
https://schema.org,CreativeWork,SAN-0430,Svakara,svakara,Bibhatsa,155.8,['Purva Bhadrapada'],Jupiter,Aja Ekapada,Sattva,Saṃkṣobha (transformation),Yaman,Oṁ svakaraya namaḥ,"aversion, disgust, repulsion · pure, harmonious, balanced · sacred vibration",Deep Frequency,2026-05-11T11:12:43.989123
https://schema.org,CreativeWork,SAN-0431,Adigata,adigata,Adbhuta,158.5,['Uttara Bhadrapada'],Saturn,Ahirbudhnya,Rajas,Nāyakatva (leadership),Kafi,Oṁ adigataya namaḥ,"wonder, amazement, curiosity · active, passionate, dynamic · sacred vibration",Medium Frequency,2026-05-11T11:12:43.989142
https://schema.org,CreativeWork,SAN-0432,Parasthiti,parasthiti,Shanta,159.5,['Revati'],Mercury,Pushan,Tamas,Śuddhi (purification),Puriya Dhanashree,Oṁ parasthitiye namaḥ,"peace, tranquility, stillness · stable, inert, grounded · sacred vibration",Deep Frequency,2026-05-11T11:12:43.989158
https://schema.org,CreativeWork,SAN-0433,Mahasara,mahasara,Shringara,108.1,['Ashwini'],Ketu,Ashwini Kumaras,Sattva,Saṃvedana (intuition),Shankara,Oṁ mahasaraya namaḥ,"love, beauty, devotion · pure, harmonious, balanced · sacred vibration",Deep Frequency,2026-05-11T11:12:43.989171
https://schema.org,CreativeWork,SAN-0434,Pranalaya,pranalaya,Hasya,110.0,['Bharani'],Venus,Yama,Rajas,Pauṣṭi (nourishment),Rageshri,Oṁ pranalayaya namaḥ,"laughter, joy, mirth · active, passionate, dynamic · sacred vibration",Deep Frequency,2026-05-11T11:12:43.989184
https://schema.org,CreativeWork,SAN-0435,Anandamaya,anandamaya,Karuna,112.3,['Krittika'],Sun,Agni,Tamas,Śravaṇa (learning),Shankara,Oṁ anandamayaya namaḥ,"compassion, mercy, empathy · stable, inert, grounded · sacred vibration",Deep Frequency,2026-05-11T11:12:43.989197
https://schema.org,CreativeWork,SAN-0436,Chittva,chittva,Raudra,113.7,['Rohini'],Moon,Prajapati,Sattva,Saṃkṣobha (transformation),Todi,Oṁ chittvaya namaḥ,"fury, anger, intensity · pure, harmonious, balanced · sacred vibration",Deep Frequency,2026-05-11T11:12:43.989209
https://schema.org,CreativeWork,SAN-0437,Pranagata,pranagata,Vira,115.9,['Mrigashira'],Mars,Soma,Rajas,Pauṣṭi (nourishment),Puriya Dhanashree,Oṁ pranagataya namaḥ,"heroism, courage, valor · active, passionate, dynamic · sacred vibration",Deep Frequency,2026-05-11T11:12:43.989221
https://schema.org,CreativeWork,SAN-0438,Svasara,svasara,Bhayanaka,118.3,['Ardra'],Rahu,Rudra,Tamas,Vijaya (victory),Bhimpalasi,Oṁ svasaraya namaḥ,"fear, terror, awe · stable, inert, grounded · sacred vibration",Medium Frequency,2026-05-11T11:12:43.989239
https://schema.org,CreativeWork,SAN-0439,Vedamaya,vedamaya,Bibhatsa,119.5,['Punarvasu'],Jupiter,Aditi,Sattva,Ārogya (healing),Todi,Oṁ vedamayaya namaḥ,"aversion, disgust, repulsion · pure, harmonious, balanced · sacred vibration",Medium Frequency,2026-05-11T11:12:43.989255
https://schema.org,CreativeWork,SAN-0440,Pranagata,pranagata,Adbhuta,122.3,['Pushya'],Saturn,Brihaspati,Rajas,Kauśala (creativity),Khamaj,Oṁ pranagataya namaḥ,"wonder, amazement, curiosity · active, passionate, dynamic · sacred vibration",Medium Frequency,2026-05-11T11:12:43.989268
https://schema.org,CreativeWork,SAN-0441,Mahagata,mahagata,Shanta,123.9,['Ashlesha'],Mercury,Sarpas,Tamas,Paitṛka (ancestral),Rageshri,Oṁ mahagataya namaḥ,"peace, tranquility, stillness · stable, inert, grounded · sacred vibration",High Frequency,2026-05-11T11:12:43.989280
https://schema.org,CreativeWork,SAN-0442,Paragata,paragata,Shringara,125.8,['Magha'],Ketu,Pitrs,Sattva,Vijaya (victory),Kafi,Oṁ paragataya namaḥ,"love, beauty, devotion · pure, harmonious, balanced · sacred vibration",High Frequency,2026-05-11T11:12:43.989292
https://schema.org,CreativeWork,SAN-0443,Vedakara,vedakara,Hasya,128.2,['Purva Phalguni'],Venus,Bhaga,Rajas,Śilpa (art),Khamaj,Oṁ vedakaraya namaḥ,"laughter, joy, mirth · active, passionate, dynamic · sacred vibration",Deep Frequency,2026-05-11T11:12:43.989306
https://schema.org,CreativeWork,SAN-0444,Atmananda,atmananda,Karuna,130.2,['Uttara Phalguni'],Sun,Aryaman,Tamas,Śodhana (purification),Hamsadhwani,Oṁ atmanandaya namaḥ,"compassion, mercy, empathy · stable, inert, grounded · sacred vibration",Deep Frequency,2026-05-11T11:12:43.989318
https://schema.org,CreativeWork,SAN-0445,Svagata,svagata,Raudra,132.1,['Hasta'],Moon,Savitr,Sattva,Śuddhi (purification),Yaman,Oṁ svagataya namaḥ,"fury, anger, intensity · pure, harmonious, balanced · sacred vibration",High Frequency,2026-05-11T11:12:43.989330
https://schema.org,CreativeWork,SAN-0446,Brahmakara,brahmakara,Vira,134.3,['Chitra'],Mars,Vishwakarma,Rajas,Maitrī (friendship),Todi,Oṁ brahmakaraya namaḥ,"heroism, courage, valor · active, passionate, dynamic · sacred vibration",Deep Frequency,2026-05-11T11:12:43.989343
https://schema.org,CreativeWork,SAN-0447,Svatva,svatva,Bhayanaka,136.4,['Swati'],Rahu,Vayu,Tamas,Dhana (wealth),Todi,Oṁ svatvaya namaḥ,"fear, terror, awe · stable, inert, grounded · sacred vibration",Deep Frequency,2026-05-11T11:12:43.989355
https://schema.org,CreativeWork,SAN-0448,Vedasara,vedasara,Bibhatsa,138.5,['Vishakha'],Jupiter,Indra-Agni,Sattva,Vijaya (victory),Ahir Bhairav,Oṁ vedasaraya namaḥ,"aversion, disgust, repulsion · pure, harmonious, balanced · sacred vibration",Deep Frequency,2026-05-11T11:12:43.989368
https://schema.org,CreativeWork,SAN-0449,Chitnanda,chitnanda,Adbhuta,140.4,['Anuradha'],Saturn,Mitra,Rajas,Dhana (wealth),Rageshri,Oṁ chitnandaya namaḥ,"wonder, amazement, curiosity · active, passionate, dynamic · sacred vibration",Medium Frequency,2026-05-11T11:12:43.989382
https://schema.org,CreativeWork,SAN-0450,Chitkara,chitkara,Shanta,142.5,['Jyeshtha'],Mercury,Indra,Tamas,Navīkaraṇa (renewal),Yaman,Oṁ chitkaraya namaḥ,"peace, tranquility, stillness · stable, inert, grounded · sacred vibration",High Frequency,2026-05-11T11:12:43.989394
https://schema.org,CreativeWork,SAN-0451,Atmamaya,atmamaya,Shringara,144.4,['Mula'],Ketu,Nirriti,Sattva,Saṃkṣobha (transformation),Puriya Dhanashree,Oṁ atmamayaya namaḥ,"love, beauty, devotion · pure, harmonious, balanced · sacred vibration",High Frequency,2026-05-11T11:12:43.989407
https://schema.org,CreativeWork,SAN-0452,Anandasara,anandasara,Hasya,145.5,['Purva Ashadha'],Venus,Apas,Rajas,Svātantrya (freedom),Bageshree,Oṁ anandasaraya namaḥ,"laughter, joy, mirth · active, passionate, dynamic · sacred vibration",Medium Frequency,2026-05-11T11:12:43.989419
https://schema.org,CreativeWork,SAN-0453,Pranakara,pranakara,Karuna,148.3,['Uttara Ashadha'],Sun,Vishvedevas,Tamas,Śravaṇa (learning),Bhimpalasi,Oṁ pranakaraya namaḥ,"compassion, mercy, empathy · stable, inert, grounded · sacred vibration",Deep Frequency,2026-05-11T11:12:43.989432
https://schema.org,CreativeWork,SAN-0454,Svakara,svakara,Raudra,149.6,['Shravana'],Moon,Vishnu,Sattva,Vijaya (victory),Hamsadhwani,Oṁ svakaraya namaḥ,"fury, anger, intensity · pure, harmonious, balanced · sacred vibration",Medium Frequency,2026-05-11T11:12:43.989444
https://schema.org,CreativeWork,SAN-0455,Brahmagata,brahmagata,Vira,151.9,['Dhanishtha'],Mars,Vasus,Rajas,Śilpa (art),Ahir Bhairav,Oṁ brahmagataya namaḥ,"heroism, courage, valor · active, passionate, dynamic · sacred vibration",High Frequency,2026-05-11T11:12:43.989458
https://schema.org,CreativeWork,SAN-0456,Atmasthiti,atmasthiti,Bhayanaka,153.7,['Shatabhisha'],Rahu,Varuna,Tamas,Kauśala (creativity),Brindavani Sarang,Oṁ atmasthitiye namaḥ,"fear, terror, awe · stable, inert, grounded · sacred vibration",Deep Frequency,2026-05-11T11:12:43.989470
https://schema.org,CreativeWork,SAN-0457,Vedalaya,vedalaya,Bibhatsa,155.9,['Purva Bhadrapada'],Jupiter,Aja Ekapada,Sattva,Saṃvedana (intuition),Shankara,Oṁ vedalayaya namaḥ,"aversion, disgust, repulsion · pure, harmonious, balanced · sacred vibration",Medium Frequency,2026-05-11T11:12:43.989482
https://schema.org,CreativeWork,SAN-0458,Atmasthiti,atmasthiti,Adbhuta,157.6,['Uttara Bhadrapada'],Saturn,Ahirbudhnya,Rajas,Pauṣṭi (nourishment),Marwa,Oṁ atmasthitiye namaḥ,"wonder, amazement, curiosity · active, passionate, dynamic · sacred vibration",Deep Frequency,2026-05-11T11:12:43.989499
https://schema.org,CreativeWork,SAN-0459,Vedasthiti,vedasthiti,Shanta,159.6,['Revati'],Mercury,Pushan,Tamas,Śuddhi (purification),Todi,Oṁ vedasthitiye namaḥ,"peace, tranquility, stillness · stable, inert, grounded · sacred vibration",Medium Frequency,2026-05-11T11:12:43.989511
https://schema.org,CreativeWork,SAN-0460,Mahasthiti,mahasthiti,Shringara,108.4,['Ashwini'],Ketu,Ashwini Kumaras,Sattva,Mūla śodhana (root),Brindavani Sarang,Oṁ mahasthitiye namaḥ,"love, beauty, devotion · pure, harmonious, balanced · sacred vibration",Deep Frequency,2026-05-11T11:12:43.989523
https://schema.org,CreativeWork,SAN-0461,Svamaya,svamaya,Hasya,110.3,['Bharani'],Venus,Yama,Rajas,Śravaṇa (learning),Hamsadhwani,Oṁ svamayaya namaḥ,"laughter, joy, mirth · active, passionate, dynamic · sacred vibration",High Frequency,2026-05-11T11:12:43.989536
https://schema.org,CreativeWork,SAN-0462,Mahapada,mahapada,Karuna,112.0,['Krittika'],Sun,Agni,Tamas,Nāyakatva (leadership),Rageshri,Oṁ mahapadaya namaḥ,"compassion, mercy, empathy · stable, inert, grounded · sacred vibration",High Frequency,2026-05-11T11:12:43.989550
https://schema.org,CreativeWork,SAN-0463,Brahmamaya,brahmamaya,Raudra,113.6,['Rohini'],Moon,Prajapati,Sattva,Svātantrya (freedom),Desh,Oṁ brahmamayaya namaḥ,"fury, anger, intensity · pure, harmonious, balanced · sacred vibration",Deep Frequency,2026-05-11T11:12:43.989562
https://schema.org,CreativeWork,SAN-0464,Adisara,adisara,Vira,115.6,['Mrigashira'],Mars,Soma,Rajas,Svātantrya (freedom),Marwa,Oṁ adisaraya namaḥ,"heroism, courage, valor · active, passionate, dynamic · sacred vibration",High Frequency,2026-05-11T11:12:43.989575
https://schema.org,CreativeWork,SAN-0465,Brahmasara,brahmasara,Bhayanaka,117.6,['Ardra'],Rahu,Rudra,Tamas,Navīkaraṇa (renewal),Hamsadhwani,Oṁ brahmasaraya namaḥ,"fear, terror, awe · stable, inert, grounded · sacred vibration",Medium Frequency,2026-05-11T11:12:43.989591
https://schema.org,CreativeWork,SAN-0466,Chitnanda,chitnanda,Bibhatsa,120.1,['Punarvasu'],Jupiter,Aditi,Sattva,Śodhana (purification),Shankara,Oṁ chitnandaya namaḥ,"aversion, disgust, repulsion · pure, harmonious, balanced · sacred vibration",Deep Frequency,2026-05-11T11:12:43.989606
https://schema.org,CreativeWork,SAN-0467,Chittva,chittva,Adbhuta,122.0,['Pushya'],Saturn,Brihaspati,Rajas,Śilpa (art),Malkauns,Oṁ chittvaya namaḥ,"wonder, amazement, curiosity · active, passionate, dynamic · sacred vibration",Medium Frequency,2026-05-11T11:12:43.989619
https://schema.org,CreativeWork,SAN-0468,Brahmananda,brahmananda,Shanta,123.5,['Ashlesha'],Mercury,Sarpas,Tamas,Śravaṇa (learning),Khamaj,Oṁ brahmanandaya namaḥ,"peace, tranquility, stillness · stable, inert, grounded · sacred vibration",Medium Frequency,2026-05-11T11:12:43.989632
https://schema.org,CreativeWork,SAN-0469,Paralaya,paralaya,Shringara,126.4,['Magha'],Ketu,Pitrs,Sattva,Nāyakatva (leadership),Shankara,Oṁ paralayaya namaḥ,"love, beauty, devotion · pure, harmonious, balanced · sacred vibration",Medium Frequency,2026-05-11T11:12:43.989646
https://schema.org,CreativeWork,SAN-0470,Brahmalaya,brahmalaya,Hasya,127.6,['Purva Phalguni'],Venus,Bhaga,Rajas,Maitrī (friendship),Brindavani Sarang,Oṁ brahmalayaya namaḥ,"laughter, joy, mirth · active, passionate, dynamic · sacred vibration",Medium Frequency,2026-05-11T11:12:43.989659
https://schema.org,CreativeWork,SAN-0471,Vedalaya,vedalaya,Karuna,130.1,['Uttara Phalguni'],Sun,Aryaman,Tamas,Parivartana (transformation),Puriya Dhanashree,Oṁ vedalayaya namaḥ,"compassion, mercy, empathy · stable, inert, grounded · sacred vibration",Deep Frequency,2026-05-11T11:12:43.989671
https://schema.org,CreativeWork,SAN-0472,Svatva,svatva,Raudra,131.6,['Hasta'],Moon,Savitr,Sattva,Kuṇḍalinī (healing),Rageshri,Oṁ svatvaya namaḥ,"fury, anger, intensity · pure, harmonious, balanced · sacred vibration",Deep Frequency,2026-05-11T11:12:43.989684
https://schema.org,CreativeWork,SAN-0473,Chitsara,chitsara,Vira,134.5,['Chitra'],Mars,Vishwakarma,Rajas,Svātantrya (freedom),Ahir Bhairav,Oṁ chitsaraya namaḥ,"heroism, courage, valor · active, passionate, dynamic · sacred vibration",Deep Frequency,2026-05-11T11:12:43.989696
https://schema.org,CreativeWork,SAN-0474,Vedapada,vedapada,Bhayanaka,135.5,['Swati'],Rahu,Vayu,Tamas,Ārogya (healing),Puriya Dhanashree,Oṁ vedapadaya namaḥ,"fear, terror, awe · stable, inert, grounded · sacred vibration",Medium Frequency,2026-05-11T11:12:43.989707
https://schema.org,CreativeWork,SAN-0475,Chitpada,chitpada,Bibhatsa,137.9,['Vishakha'],Jupiter,Indra-Agni,Sattva,Kauśala (creativity),Bhoop,Oṁ chitpadaya namaḥ,"aversion, disgust, repulsion · pure, harmonious, balanced · sacred vibration",High Frequency,2026-05-11T11:12:43.989719
https://schema.org,CreativeWork,SAN-0476,Vedasara,vedasara,Adbhuta,140.1,['Anuradha'],Saturn,Mitra,Rajas,Maitrī (friendship),Puriya Dhanashree,Oṁ vedasaraya namaḥ,"wonder, amazement, curiosity · active, passionate, dynamic · sacred vibration",High Frequency,2026-05-11T11:12:43.989731
https://schema.org,CreativeWork,SAN-0477,Svasara,svasara,Shanta,142.2,['Jyeshtha'],Mercury,Indra,Tamas,Navīkaraṇa (renewal),Bageshree,Oṁ svasaraya namaḥ,"peace, tranquility, stillness · stable, inert, grounded · sacred vibration",Deep Frequency,2026-05-11T11:12:43.989744
https://schema.org,CreativeWork,SAN-0478,Adikara,adikara,Shringara,143.7,['Mula'],Ketu,Nirriti,Sattva,Kuṇḍalinī (healing),Bhimpalasi,Oṁ adikaraya namaḥ,"love, beauty, devotion · pure, harmonious, balanced · sacred vibration",Medium Frequency,2026-05-11T11:12:43.989759
https://schema.org,CreativeWork,SAN-0479,Atmatva,atmatva,Hasya,146.3,['Purva Ashadha'],Venus,Apas,Rajas,Navīkaraṇa (renewal),Yaman,Oṁ atmatvaya namaḥ,"laughter, joy, mirth · active, passionate, dynamic · sacred vibration",Medium Frequency,2026-05-11T11:12:43.989771
https://schema.org,CreativeWork,SAN-0480,Paragata,paragata,Karuna,148.0,['Uttara Ashadha'],Sun,Vishvedevas,Tamas,Śakti (power),Bhoop,Oṁ paragataya namaḥ,"compassion, mercy, empathy · stable, inert, grounded · sacred vibration",High Frequency,2026-05-11T11:12:43.989783
https://schema.org,CreativeWork,SAN-0481,Aditva,aditva,Raudra,149.9,['Shravana'],Moon,Vishnu,Sattva,Vaivāhika (marriage),Malkauns,Oṁ aditvaya namaḥ,"fury, anger, intensity · pure, harmonious, balanced · sacred vibration",Medium Frequency,2026-05-11T11:12:43.989795
https://schema.org,CreativeWork,SAN-0482,Vedalaya,vedalaya,Vira,152.3,['Dhanishtha'],Mars,Vasus,Rajas,Śuddhi (purification),Malkauns,Oṁ vedalayaya namaḥ,"heroism, courage, valor · active, passionate, dynamic · sacred vibration",Medium Frequency,2026-05-11T11:12:43.989808
https://schema.org,CreativeWork,SAN-0483,Mahananda,mahananda,Bhayanaka,153.7,['Shatabhisha'],Rahu,Varuna,Tamas,Mūla śodhana (root),Brindavani Sarang,Oṁ mahanandaya namaḥ,"fear, terror, awe · stable, inert, grounded · sacred vibration",High Frequency,2026-05-11T11:12:43.989820
https://schema.org,CreativeWork,SAN-0484,Atmasara,atmasara,Bibhatsa,156.0,['Purva Bhadrapada'],Jupiter,Aja Ekapada,Sattva,Parivartana (transformation),Kafi,Oṁ atmasaraya namaḥ,"aversion, disgust, repulsion · pure, harmonious, balanced · sacred vibration",High Frequency,2026-05-11T11:12:43.989831
https://schema.org,CreativeWork,SAN-0485,Brahmapada,brahmapada,Adbhuta,158.2,['Uttara Bhadrapada'],Saturn,Ahirbudhnya,Rajas,Paitṛka (ancestral),Puriya Dhanashree,Oṁ brahmapadaya namaḥ,"wonder, amazement, curiosity · active, passionate, dynamic · sacred vibration",High Frequency,2026-05-11T11:12:43.989844
https://schema.org,CreativeWork,SAN-0486,Anandananda,anandananda,Shanta,159.5,['Revati'],Mercury,Pushan,Tamas,Vaivāhika (marriage),Khamaj,Oṁ anandanandaya namaḥ,"peace, tranquility, stillness · stable, inert, grounded · sacred vibration",High Frequency,2026-05-11T11:12:43.989855
https://schema.org,CreativeWork,SAN-0487,Brahmalaya,brahmalaya,Shringara,108.3,['Ashwini'],Ketu,Ashwini Kumaras,Sattva,Kuṇḍalinī (healing),Kafi,Oṁ brahmalayaya namaḥ,"love, beauty, devotion · pure, harmonious, balanced · sacred vibration",Deep Frequency,2026-05-11T11:12:43.989867
https://schema.org,CreativeWork,SAN-0488,Atmagata,atmagata,Hasya,109.9,['Bharani'],Venus,Yama,Rajas,Pauṣṭi (nourishment),Shankara,Oṁ atmagataya namaḥ,"laughter, joy, mirth · active, passionate, dynamic · sacred vibration",High Frequency,2026-05-11T11:12:43.989881
https://schema.org,CreativeWork,SAN-0489,Parananda,parananda,Karuna,111.8,['Krittika'],Sun,Agni,Tamas,Śuddhi (purification),Marwa,Oṁ paranandaya namaḥ,"compassion, mercy, empathy · stable, inert, grounded · sacred vibration",Deep Frequency,2026-05-11T11:12:43.989895
https://schema.org,CreativeWork,SAN-0490,Atmasara,atmasara,Raudra,113.8,['Rohini'],Moon,Prajapati,Sattva,Parivartana (transformation),Kafi,Oṁ atmasaraya namaḥ,"fury, anger, intensity · pure, harmonious, balanced · sacred vibration",High Frequency,2026-05-11T11:12:43.989907
https://schema.org,CreativeWork,SAN-0491,Anandagata,anandagata,Vira,115.6,['Mrigashira'],Mars,Soma,Rajas,Ārogya (healing),Khamaj,Oṁ anandagataya namaḥ,"heroism, courage, valor · active, passionate, dynamic · sacred vibration",High Frequency,2026-05-11T11:12:43.989919
https://schema.org,CreativeWork,SAN-0492,Vedasara,vedasara,Bhayanaka,117.7,['Ardra'],Rahu,Rudra,Tamas,Parivartana (transformation),Darbari,Oṁ vedasaraya namaḥ,"fear, terror, awe · stable, inert, grounded · sacred vibration",Deep Frequency,2026-05-11T11:12:43.989931
https://schema.org,CreativeWork,SAN-0493,Mahatva,mahatva,Bibhatsa,119.9,['Punarvasu'],Jupiter,Aditi,Sattva,Śilpa (art),Rageshri,Oṁ mahatvaya namaḥ,"aversion, disgust, repulsion · pure, harmonious, balanced · sacred vibration",Medium Frequency,2026-05-11T11:12:43.989943
https://schema.org,CreativeWork,SAN-0494,Parakara,parakara,Adbhuta,122.4,['Pushya'],Saturn,Brihaspati,Rajas,Śuddhi (purification),Shankara,Oṁ parakaraya namaḥ,"wonder, amazement, curiosity · active, passionate, dynamic · sacred vibration",Deep Frequency,2026-05-11T11:12:43.989956
https://schema.org,CreativeWork,SAN-0495,Chitrupa,chitrupa,Shanta,123.7,['Ashlesha'],Mercury,Sarpas,Tamas,Paitṛka (ancestral),Yaman,Oṁ chitrupaya namaḥ,"peace, tranquility, stillness · stable, inert, grounded · sacred vibration",High Frequency,2026-05-11T11:12:43.989969
https://schema.org,CreativeWork,SAN-0496,Atmalaya,atmalaya,Shringara,126.2,['Magha'],Ketu,Pitrs,Sattva,Śuddhi (purification),Bhairav,Oṁ atmalayaya namaḥ,"love, beauty, devotion · pure, harmonious, balanced · sacred vibration",Deep Frequency,2026-05-11T11:12:43.989981
https://schema.org,CreativeWork,SAN-0497,Vedakara,vedakara,Hasya,127.8,['Purva Phalguni'],Venus,Bhaga,Rajas,Śilpa (art),Brindavani Sarang,Oṁ vedakaraya namaḥ,"laughter, joy, mirth · active, passionate, dynamic · sacred vibration",Medium Frequency,2026-05-11T11:12:43.989993
https://schema.org,CreativeWork,SAN-0498,Brahmakara,brahmakara,Karuna,129.8,['Uttara Phalguni'],Sun,Aryaman,Tamas,Śuddhi (purification),Rageshri,Oṁ brahmakaraya namaḥ,"compassion, mercy, empathy · stable, inert, grounded · sacred vibration",Deep Frequency,2026-05-11T11:12:43.990006
https://schema.org,CreativeWork,SAN-0499,Maharupa,maharupa,Raudra,132.0,['Hasta'],Moon,Savitr,Sattva,Navīkaraṇa (renewal),Malkauns,Oṁ maharupaya namaḥ,"fury, anger, intensity · pure, harmonious, balanced · sacred vibration",Medium Frequency,2026-05-11T11:12:43.990019
https://schema.org,CreativeWork,SAN-0500,Chittva,chittva,Vira,134.0,['Chitra'],Mars,Vishwakarma,Rajas,Dhana (wealth),Malkauns,Oṁ chittvaya namaḥ,"heroism, courage, valor · active, passionate, dynamic · sacred vibration",Medium Frequency,2026-05-11T11:12:43.990032
https://schema.org,CreativeWork,SAN-0501,Pranarupa,pranarupa,Bhayanaka,136.1,['Swati'],Rahu,Vayu,Tamas,Śodhana (purification),Puriya Dhanashree,Oṁ pranarupaya namaḥ,"fear, terror, awe · stable, inert, grounded · sacred vibration",High Frequency,2026-05-11T11:12:43.990132
https://schema.org,CreativeWork,SAN-0502,Parasara,parasara,Bibhatsa,137.7,['Vishakha'],Jupiter,Indra-Agni,Sattva,Dhana (wealth),Bhimpalasi,Oṁ parasaraya namaḥ,"aversion, disgust, repulsion · pure, harmonious, balanced · sacred vibration",High Frequency,2026-05-11T11:12:43.990148
https://schema.org,CreativeWork,SAN-0503,Brahmananda,brahmananda,Adbhuta,140.0,['Anuradha'],Saturn,Mitra,Rajas,Kuṇḍalinī (healing),Malkauns,Oṁ brahmanandaya namaḥ,"wonder, amazement, curiosity · active, passionate, dynamic · sacred vibration",Deep Frequency,2026-05-11T11:12:43.990163
https://schema.org,CreativeWork,SAN-0504,Anandasara,anandasara,Shanta,142.3,['Jyeshtha'],Mercury,Indra,Tamas,Pauṣṭi (nourishment),Rageshri,Oṁ anandasaraya namaḥ,"peace, tranquility, stillness · stable, inert, grounded · sacred vibration",High Frequency,2026-05-11T11:12:43.990176
https://schema.org,CreativeWork,SAN-0505,Paragata,paragata,Shringara,144.0,['Mula'],Ketu,Nirriti,Sattva,Maitrī (friendship),Khamaj,Oṁ paragataya namaḥ,"love, beauty, devotion · pure, harmonious, balanced · sacred vibration",Deep Frequency,2026-05-11T11:12:43.990189
https://schema.org,CreativeWork,SAN-0506,Brahmananda,brahmananda,Hasya,146.4,['Purva Ashadha'],Venus,Apas,Rajas,Kauśala (creativity),Kafi,Oṁ brahmanandaya namaḥ,"laughter, joy, mirth · active, passionate, dynamic · sacred vibration",Medium Frequency,2026-05-11T11:12:43.990201
https://schema.org,CreativeWork,SAN-0507,Parananda,parananda,Karuna,148.3,['Uttara Ashadha'],Sun,Vishvedevas,Tamas,Ārogya (healing),Kafi,Oṁ paranandaya namaḥ,"compassion, mercy, empathy · stable, inert, grounded · sacred vibration",Deep Frequency,2026-05-11T11:12:43.990213
https://schema.org,CreativeWork,SAN-0508,Brahmarupa,brahmarupa,Raudra,149.6,['Shravana'],Moon,Vishnu,Sattva,Ārogya (healing),Hamsadhwani,Oṁ brahmarupaya namaḥ,"fury, anger, intensity · pure, harmonious, balanced · sacred vibration",High Frequency,2026-05-11T11:12:43.990229
https://schema.org,CreativeWork,SAN-0509,Svasara,svasara,Vira,152.2,['Dhanishtha'],Mars,Vasus,Rajas,Maitrī (friendship),Brindavani Sarang,Oṁ svasaraya namaḥ,"heroism, courage, valor · active, passionate, dynamic · sacred vibration",High Frequency,2026-05-11T11:12:43.990242
https://schema.org,CreativeWork,SAN-0510,Mahamaya,mahamaya,Bhayanaka,153.7,['Shatabhisha'],Rahu,Varuna,Tamas,Kauśala (creativity),Khamaj,Oṁ mahamayaya namaḥ,"fear, terror, awe · stable, inert, grounded · sacred vibration",High Frequency,2026-05-11T11:12:43.990255
https://schema.org,CreativeWork,SAN-0511,Vedasthiti,vedasthiti,Bibhatsa,156.4,['Purva Bhadrapada'],Jupiter,Aja Ekapada,Sattva,Saṃvedana (intuition),Kafi,Oṁ vedasthitiye namaḥ,"aversion, disgust, repulsion · pure, harmonious, balanced · sacred vibration",Deep Frequency,2026-05-11T11:12:43.990270
https://schema.org,CreativeWork,SAN-0512,Pararupa,pararupa,Adbhuta,158.0,['Uttara Bhadrapada'],Saturn,Ahirbudhnya,Rajas,Paitṛka (ancestral),Ahir Bhairav,Oṁ pararupaya namaḥ,"wonder, amazement, curiosity · active, passionate, dynamic · sacred vibration",High Frequency,2026-05-11T11:12:43.990283
https://schema.org,CreativeWork,SAN-0513,Anandalaya,anandalaya,Shanta,159.6,['Revati'],Mercury,Pushan,Tamas,Pauṣṭi (nourishment),Hamsadhwani,Oṁ anandalayaya namaḥ,"peace, tranquility, stillness · stable, inert, grounded · sacred vibration",Deep Frequency,2026-05-11T11:12:43.990295
https://schema.org,CreativeWork,SAN-0514,Brahmagata,brahmagata,Shringara,108.2,['Ashwini'],Ketu,Ashwini Kumaras,Sattva,Paitṛka (ancestral),Puriya Dhanashree,Oṁ brahmagataya namaḥ,"love, beauty, devotion · pure, harmonious, balanced · sacred vibration",Medium Frequency,2026-05-11T11:12:43.990308
https://schema.org,CreativeWork,SAN-0515,Brahmasara,brahmasara,Hasya,109.7,['Bharani'],Venus,Yama,Rajas,Saṃvedana (intuition),Khamaj,Oṁ brahmasaraya namaḥ,"laughter, joy, mirth · active, passionate, dynamic · sacred vibration",Deep Frequency,2026-05-11T11:12:43.990320
https://schema.org,CreativeWork,SAN-0516,Atmalaya,atmalaya,Karuna,112.1,['Krittika'],Sun,Agni,Tamas,Mūla śodhana (root),Darbari,Oṁ atmalayaya namaḥ,"compassion, mercy, empathy · stable, inert, grounded · sacred vibration",Medium Frequency,2026-05-11T11:12:43.990332
https://schema.org,CreativeWork,SAN-0517,Anandasthiti,anandasthiti,Raudra,114.0,['Rohini'],Moon,Prajapati,Sattva,Saṃkṣobha (transformation),Malkauns,Oṁ anandasthitiye namaḥ,"fury, anger, intensity · pure, harmonious, balanced · sacred vibration",Medium Frequency,2026-05-11T11:12:43.990344
https://schema.org,CreativeWork,SAN-0518,Atmasthiti,atmasthiti,Vira,116.1,['Mrigashira'],Mars,Soma,Rajas,Śuddhi (purification),Bhimpalasi,Oṁ atmasthitiye namaḥ,"heroism, courage, valor · active, passionate, dynamic · sacred vibration",High Frequency,2026-05-11T11:12:43.990358
https://schema.org,CreativeWork,SAN-0519,Atmatva,atmatva,Bhayanaka,118.2,['Ardra'],Rahu,Rudra,Tamas,Paitṛka (ancestral),Bhimpalasi,Oṁ atmatvaya namaḥ,"fear, terror, awe · stable, inert, grounded · sacred vibration",High Frequency,2026-05-11T11:12:43.990370
https://schema.org,CreativeWork,SAN-0520,Adirupa,adirupa,Bibhatsa,119.8,['Punarvasu'],Jupiter,Aditi,Sattva,Śravaṇa (learning),Shankara,Oṁ adirupaya namaḥ,"aversion, disgust, repulsion · pure, harmonious, balanced · sacred vibration",Deep Frequency,2026-05-11T11:12:43.990384
https://schema.org,CreativeWork,SAN-0521,Mahamaya,mahamaya,Adbhuta,122.0,['Pushya'],Saturn,Brihaspati,Rajas,Dhana (wealth),Khamaj,Oṁ mahamayaya namaḥ,"wonder, amazement, curiosity · active, passionate, dynamic · sacred vibration",Medium Frequency,2026-05-11T11:12:43.990397
https://schema.org,CreativeWork,SAN-0522,Pranalaya,pranalaya,Shanta,123.6,['Ashlesha'],Mercury,Sarpas,Tamas,Ārogya (healing),Darbari,Oṁ pranalayaya namaḥ,"peace, tranquility, stillness · stable, inert, grounded · sacred vibration",Medium Frequency,2026-05-11T11:12:43.990411
https://schema.org,CreativeWork,SAN-0523,Adisthiti,adisthiti,Shringara,126.4,['Magha'],Ketu,Pitrs,Sattva,Śodhana (purification),Bhimpalasi,Oṁ adisthitiye namaḥ,"love, beauty, devotion · pure, harmonious, balanced · sacred vibration",High Frequency,2026-05-11T11:12:43.990426
https://schema.org,CreativeWork,SAN-0524,Svatva,svatva,Hasya,128.0,['Purva Phalguni'],Venus,Bhaga,Rajas,Vaivāhika (marriage),Brindavani Sarang,Oṁ svatvaya namaḥ,"laughter, joy, mirth · active, passionate, dynamic · sacred vibration",Medium Frequency,2026-05-11T11:12:43.990439
https://schema.org,CreativeWork,SAN-0525,Svamaya,svamaya,Karuna,129.8,['Uttara Phalguni'],Sun,Aryaman,Tamas,Saṃkṣobha (transformation),Puriya Dhanashree,Oṁ svamayaya namaḥ,"compassion, mercy, empathy · stable, inert, grounded · sacred vibration",High Frequency,2026-05-11T11:12:43.990453
https://schema.org,CreativeWork,SAN-0526,Adimaya,adimaya,Raudra,131.8,['Hasta'],Moon,Savitr,Sattva,Kauśala (creativity),Bhoop,Oṁ adimayaya namaḥ,"fury, anger, intensity · pure, harmonious, balanced · sacred vibration",Deep Frequency,2026-05-11T11:12:43.990464
https://schema.org,CreativeWork,SAN-0527,Mahakara,mahakara,Vira,133.6,['Chitra'],Mars,Vishwakarma,Rajas,Mūla śodhana (root),Brindavani Sarang,Oṁ mahakaraya namaḥ,"heroism, courage, valor · active, passionate, dynamic · sacred vibration",Deep Frequency,2026-05-11T11:12:43.990476
https://schema.org,CreativeWork,SAN-0528,Anandalaya,anandalaya,Bhayanaka,136.3,['Swati'],Rahu,Vayu,Tamas,Navīkaraṇa (renewal),Puriya Dhanashree,Oṁ anandalayaya namaḥ,"fear, terror, awe · stable, inert, grounded · sacred vibration",Deep Frequency,2026-05-11T11:12:43.990491
https://schema.org,CreativeWork,SAN-0529,Pranarupa,pranarupa,Bibhatsa,138.2,['Vishakha'],Jupiter,Indra-Agni,Sattva,Śodhana (purification),Bhimpalasi,Oṁ pranarupaya namaḥ,"aversion, disgust, repulsion · pure, harmonious, balanced · sacred vibration",Medium Frequency,2026-05-11T11:12:43.990504
https://schema.org,CreativeWork,SAN-0530,Atmasthiti,atmasthiti,Adbhuta,139.6,['Anuradha'],Saturn,Mitra,Rajas,Ārogya (healing),Hamsadhwani,Oṁ atmasthitiye namaḥ,"wonder, amazement, curiosity · active, passionate, dynamic · sacred vibration",Deep Frequency,2026-05-11T11:12:43.990516
https://schema.org,CreativeWork,SAN-0531,Chitkara,chitkara,Shanta,142.0,['Jyeshtha'],Mercury,Indra,Tamas,Śilpa (art),Puriya Dhanashree,Oṁ chitkaraya namaḥ,"peace, tranquility, stillness · stable, inert, grounded · sacred vibration",Deep Frequency,2026-05-11T11:12:43.990529
https://schema.org,CreativeWork,SAN-0532,Anandananda,anandananda,Shringara,144.3,['Mula'],Ketu,Nirriti,Sattva,Śakti (power),Bhimpalasi,Oṁ anandanandaya namaḥ,"love, beauty, devotion · pure, harmonious, balanced · sacred vibration",Medium Frequency,2026-05-11T11:12:43.990541
https://schema.org,CreativeWork,SAN-0533,Vedasthiti,vedasthiti,Hasya,145.6,['Purva Ashadha'],Venus,Apas,Rajas,Kuṇḍalinī (healing),Puriya Dhanashree,Oṁ vedasthitiye namaḥ,"laughter, joy, mirth · active, passionate, dynamic · sacred vibration",Medium Frequency,2026-05-11T11:12:43.990554
https://schema.org,CreativeWork,SAN-0534,Atmarupa,atmarupa,Karuna,148.0,['Uttara Ashadha'],Sun,Vishvedevas,Tamas,Navīkaraṇa (renewal),Ahir Bhairav,Oṁ atmarupaya namaḥ,"compassion, mercy, empathy · stable, inert, grounded · sacred vibration",High Frequency,2026-05-11T11:12:43.990568
https://schema.org,CreativeWork,SAN-0535,Pranalaya,pranalaya,Raudra,149.7,['Shravana'],Moon,Vishnu,Sattva,Vijaya (victory),Hamsadhwani,Oṁ pranalayaya namaḥ,"fury, anger, intensity · pure, harmonious, balanced · sacred vibration",Deep Frequency,2026-05-11T11:12:43.990580
https://schema.org,CreativeWork,SAN-0536,Svakara,svakara,Vira,152.5,['Dhanishtha'],Mars,Vasus,Rajas,Saṃkṣobha (transformation),Hamsadhwani,Oṁ svakaraya namaḥ,"heroism, courage, valor · active, passionate, dynamic · sacred vibration",High Frequency,2026-05-11T11:12:43.990594
https://schema.org,CreativeWork,SAN-0537,Brahmapada,brahmapada,Bhayanaka,153.6,['Shatabhisha'],Rahu,Varuna,Tamas,Parivartana (transformation),Marwa,Oṁ brahmapadaya namaḥ,"fear, terror, awe · stable, inert, grounded · sacred vibration",Medium Frequency,2026-05-11T11:12:43.990606
https://schema.org,CreativeWork,SAN-0538,Svatva,svatva,Bibhatsa,156.0,['Purva Bhadrapada'],Jupiter,Aja Ekapada,Sattva,Śilpa (art),Marwa,Oṁ svatvaya namaḥ,"aversion, disgust, repulsion · pure, harmonious, balanced · sacred vibration",Medium Frequency,2026-05-11T11:12:43.990620
https://schema.org,CreativeWork,SAN-0539,Pranatva,pranatva,Adbhuta,157.9,['Uttara Bhadrapada'],Saturn,Ahirbudhnya,Rajas,Saṃvedana (intuition),Bageshree,Oṁ pranatvaya namaḥ,"wonder, amazement, curiosity · active, passionate, dynamic · sacred vibration",Deep Frequency,2026-05-11T11:12:43.990632
https://schema.org,CreativeWork,SAN-0540,Atmarupa,atmarupa,Shanta,159.8,['Revati'],Mercury,Pushan,Tamas,Maitrī (friendship),Darbari,Oṁ atmarupaya namaḥ,"peace, tranquility, stillness · stable, inert, grounded · sacred vibration",Medium Frequency,2026-05-11T11:12:43.990644
https://schema.org,CreativeWork,SAN-0541,Mahananda,mahananda,Shringara,108.1,['Ashwini'],Ketu,Ashwini Kumaras,Sattva,Saṃkṣobha (transformation),Darbari,Oṁ mahanandaya namaḥ,"love, beauty, devotion · pure, harmonious, balanced · sacred vibration",Deep Frequency,2026-05-11T11:12:43.990657
https://schema.org,CreativeWork,SAN-0542,Atmakara,atmakara,Hasya,110.4,['Bharani'],Venus,Yama,Rajas,Paitṛka (ancestral),Malkauns,Oṁ atmakaraya namaḥ,"laughter, joy, mirth · active, passionate, dynamic · sacred vibration",Medium Frequency,2026-05-11T11:12:43.990669
https://schema.org,CreativeWork,SAN-0543,Anandarupa,anandarupa,Karuna,112.2,['Krittika'],Sun,Agni,Tamas,Parivartana (transformation),Ahir Bhairav,Oṁ anandarupaya namaḥ,"compassion, mercy, empathy · stable, inert, grounded · sacred vibration",Medium Frequency,2026-05-11T11:12:43.990680
https://schema.org,CreativeWork,SAN-0544,Atmapada,atmapada,Raudra,114.1,['Rohini'],Moon,Prajapati,Sattva,Vijaya (victory),Malkauns,Oṁ atmapadaya namaḥ,"fury, anger, intensity · pure, harmonious, balanced · sacred vibration",High Frequency,2026-05-11T11:12:43.990692
https://schema.org,CreativeWork,SAN-0545,Pranasthiti,pranasthiti,Vira,115.7,['Mrigashira'],Mars,Soma,Rajas,Svātantrya (freedom),Bhairav,Oṁ pranasthitiye namaḥ,"heroism, courage, valor · active, passionate, dynamic · sacred vibration",High Frequency,2026-05-11T11:12:43.990704
https://schema.org,CreativeWork,SAN-0546,Adinanda,adinanda,Bhayanaka,118.2,['Ardra'],Rahu,Rudra,Tamas,Svātantrya (freedom),Rageshri,Oṁ adinandaya namaḥ,"fear, terror, awe · stable, inert, grounded · sacred vibration",High Frequency,2026-05-11T11:12:43.990718
https://schema.org,CreativeWork,SAN-0547,Brahmagata,brahmagata,Bibhatsa,120.1,['Punarvasu'],Jupiter,Aditi,Sattva,Paitṛka (ancestral),Marwa,Oṁ brahmagataya namaḥ,"aversion, disgust, repulsion · pure, harmonious, balanced · sacred vibration",High Frequency,2026-05-11T11:12:43.990731
https://schema.org,CreativeWork,SAN-0548,Vedatva,vedatva,Adbhuta,122.3,['Pushya'],Saturn,Brihaspati,Rajas,Saṃvedana (intuition),Bhimpalasi,Oṁ vedatvaya namaḥ,"wonder, amazement, curiosity · active, passionate, dynamic · sacred vibration",Deep Frequency,2026-05-11T11:12:43.990745
https://schema.org,CreativeWork,SAN-0549,Parapada,parapada,Shanta,123.6,['Ashlesha'],Mercury,Sarpas,Tamas,Ārogya (healing),Bhoop,Oṁ parapadaya namaḥ,"peace, tranquility, stillness · stable, inert, grounded · sacred vibration",Medium Frequency,2026-05-11T11:12:43.990757
https://schema.org,CreativeWork,SAN-0550,Svagata,svagata,Shringara,125.5,['Magha'],Ketu,Pitrs,Sattva,Kauśala (creativity),Desh,Oṁ svagataya namaḥ,"love, beauty, devotion · pure, harmonious, balanced · sacred vibration",Medium Frequency,2026-05-11T11:12:43.990769
https://schema.org,CreativeWork,SAN-0551,Anandasara,anandasara,Hasya,127.6,['Purva Phalguni'],Venus,Bhaga,Rajas,Vijaya (victory),Kafi,Oṁ anandasaraya namaḥ,"laughter, joy, mirth · active, passionate, dynamic · sacred vibration",Deep Frequency,2026-05-11T11:12:43.990783
https://schema.org,CreativeWork,SAN-0552,Vedatva,vedatva,Karuna,129.7,['Uttara Phalguni'],Sun,Aryaman,Tamas,Saṃvedana (intuition),Malkauns,Oṁ vedatvaya namaḥ,"compassion, mercy, empathy · stable, inert, grounded · sacred vibration",Medium Frequency,2026-05-11T11:12:43.990796
https://schema.org,CreativeWork,SAN-0553,Pararupa,pararupa,Raudra,132.2,['Hasta'],Moon,Savitr,Sattva,Śodhana (purification),Bhoop,Oṁ pararupaya namaḥ,"fury, anger, intensity · pure, harmonious, balanced · sacred vibration",Deep Frequency,2026-05-11T11:12:43.990808
https://schema.org,CreativeWork,SAN-0554,Atmasthiti,atmasthiti,Vira,133.9,['Chitra'],Mars,Vishwakarma,Rajas,Saṃvedana (intuition),Darbari,Oṁ atmasthitiye namaḥ,"heroism, courage, valor · active, passionate, dynamic · sacred vibration",High Frequency,2026-05-11T11:12:43.990821
https://schema.org,CreativeWork,SAN-0555,Svatva,svatva,Bhayanaka,136.4,['Swati'],Rahu,Vayu,Tamas,Maitrī (friendship),Ahir Bhairav,Oṁ svatvaya namaḥ,"fear, terror, awe · stable, inert, grounded · sacred vibration",High Frequency,2026-05-11T11:12:43.990833
https://schema.org,CreativeWork,SAN-0556,Paralaya,paralaya,Bibhatsa,138.2,['Vishakha'],Jupiter,Indra-Agni,Sattva,Pauṣṭi (nourishment),Hamsadhwani,Oṁ paralayaya namaḥ,"aversion, disgust, repulsion · pure, harmonious, balanced · sacred vibration",Medium Frequency,2026-05-11T11:12:43.990845
https://schema.org,CreativeWork,SAN-0557,Chitlaya,chitlaya,Adbhuta,139.9,['Anuradha'],Saturn,Mitra,Rajas,Svātantrya (freedom),Kafi,Oṁ chitlayaya namaḥ,"wonder, amazement, curiosity · active, passionate, dynamic · sacred vibration",High Frequency,2026-05-11T11:12:43.990858
https://schema.org,CreativeWork,SAN-0558,Maharupa,maharupa,Shanta,141.9,['Jyeshtha'],Mercury,Indra,Tamas,Saṃkṣobha (transformation),Desh,Oṁ maharupaya namaḥ,"peace, tranquility, stillness · stable, inert, grounded · sacred vibration",Deep Frequency,2026-05-11T11:12:43.990874
https://schema.org,CreativeWork,SAN-0559,Chitgata,chitgata,Shringara,143.9,['Mula'],Ketu,Nirriti,Sattva,Vijaya (victory),Bhairav,Oṁ chitgataya namaḥ,"love, beauty, devotion · pure, harmonious, balanced · sacred vibration",Deep Frequency,2026-05-11T11:12:43.990887
https://schema.org,CreativeWork,SAN-0560,Mahamaya,mahamaya,Hasya,146.4,['Purva Ashadha'],Venus,Apas,Rajas,Śilpa (art),Darbari,Oṁ mahamayaya namaḥ,"laughter, joy, mirth · active, passionate, dynamic · sacred vibration",High Frequency,2026-05-11T11:12:43.990899
https://schema.org,CreativeWork,SAN-0561,Mahatva,mahatva,Karuna,147.7,['Uttara Ashadha'],Sun,Vishvedevas,Tamas,Kuṇḍalinī (healing),Khamaj,Oṁ mahatvaya namaḥ,"compassion, mercy, empathy · stable, inert, grounded · sacred vibration",High Frequency,2026-05-11T11:12:43.990911
https://schema.org,CreativeWork,SAN-0562,Pranatva,pranatva,Raudra,150.1,['Shravana'],Moon,Vishnu,Sattva,Śuddhi (purification),Todi,Oṁ pranatvaya namaḥ,"fury, anger, intensity · pure, harmonious, balanced · sacred vibration",Medium Frequency,2026-05-11T11:12:43.990923
https://schema.org,CreativeWork,SAN-0563,Svasthiti,svasthiti,Vira,151.6,['Dhanishtha'],Mars,Vasus,Rajas,Svātantrya (freedom),Desh,Oṁ svasthitiye namaḥ,"heroism, courage, valor · active, passionate, dynamic · sacred vibration",Deep Frequency,2026-05-11T11:12:43.990935
https://schema.org,CreativeWork,SAN-0564,Svasthiti,svasthiti,Bhayanaka,153.6,['Shatabhisha'],Rahu,Varuna,Tamas,Kauśala (creativity),Marwa,Oṁ svasthitiye namaḥ,"fear, terror, awe · stable, inert, grounded · sacred vibration",Deep Frequency,2026-05-11T11:12:43.990947
https://schema.org,CreativeWork,SAN-0565,Brahmasara,brahmasara,Bibhatsa,156.0,['Purva Bhadrapada'],Jupiter,Aja Ekapada,Sattva,Saṃkṣobha (transformation),Todi,Oṁ brahmasaraya namaḥ,"aversion, disgust, repulsion · pure, harmonious, balanced · sacred vibration",High Frequency,2026-05-11T11:12:43.990959
https://schema.org,CreativeWork,SAN-0566,Atmasara,atmasara,Adbhuta,158.3,['Uttara Bhadrapada'],Saturn,Ahirbudhnya,Rajas,Kauśala (creativity),Brindavani Sarang,Oṁ atmasaraya namaḥ,"wonder, amazement, curiosity · active, passionate, dynamic · sacred vibration",High Frequency,2026-05-11T11:12:43.990972
https://schema.org,CreativeWork,SAN-0567,Chitrupa,chitrupa,Shanta,160.4,['Revati'],Mercury,Pushan,Tamas,Śilpa (art),Bhairav,Oṁ chitrupaya namaḥ,"peace, tranquility, stillness · stable, inert, grounded · sacred vibration",Deep Frequency,2026-05-11T11:12:43.990985
https://schema.org,CreativeWork,SAN-0568,Anandagata,anandagata,Shringara,107.7,['Ashwini'],Ketu,Ashwini Kumaras,Sattva,Parivartana (transformation),Puriya Dhanashree,Oṁ anandagataya namaḥ,"love, beauty, devotion · pure, harmonious, balanced · sacred vibration",Deep Frequency,2026-05-11T11:12:43.990999
https://schema.org,CreativeWork,SAN-0569,Brahmarupa,brahmarupa,Hasya,110.2,['Bharani'],Venus,Yama,Rajas,Śilpa (art),Ahir Bhairav,Oṁ brahmarupaya namaḥ,"laughter, joy, mirth · active, passionate, dynamic · sacred vibration",Medium Frequency,2026-05-11T11:12:43.991013
https://schema.org,CreativeWork,SAN-0570,Pranapada,pranapada,Karuna,111.6,['Krittika'],Sun,Agni,Tamas,Vijaya (victory),Rageshri,Oṁ pranapadaya namaḥ,"compassion, mercy, empathy · stable, inert, grounded · sacred vibration",Medium Frequency,2026-05-11T11:12:43.991025
https://schema.org,CreativeWork,SAN-0571,Chitsara,chitsara,Raudra,113.9,['Rohini'],Moon,Prajapati,Sattva,Saṃkṣobha (transformation),Ahir Bhairav,Oṁ chitsaraya namaḥ,"fury, anger, intensity · pure, harmonious, balanced · sacred vibration",Deep Frequency,2026-05-11T11:12:43.991037
https://schema.org,CreativeWork,SAN-0572,Brahmalaya,brahmalaya,Vira,116.3,['Mrigashira'],Mars,Soma,Rajas,Ārogya (healing),Bageshree,Oṁ brahmalayaya namaḥ,"heroism, courage, valor · active, passionate, dynamic · sacred vibration",High Frequency,2026-05-11T11:12:43.991051
https://schema.org,CreativeWork,SAN-0573,Brahmarupa,brahmarupa,Bhayanaka,118.1,['Ardra'],Rahu,Rudra,Tamas,Śakti (power),Hamsadhwani,Oṁ brahmarupaya namaḥ,"fear, terror, awe · stable, inert, grounded · sacred vibration",High Frequency,2026-05-11T11:12:43.991064
https://schema.org,CreativeWork,SAN-0574,Chitsthiti,chitsthiti,Bibhatsa,119.7,['Punarvasu'],Jupiter,Aditi,Sattva,Paitṛka (ancestral),Marwa,Oṁ chitsthitiye namaḥ,"aversion, disgust, repulsion · pure, harmonious, balanced · sacred vibration",High Frequency,2026-05-11T11:12:43.991076
https://schema.org,CreativeWork,SAN-0575,Paralaya,paralaya,Adbhuta,122.2,['Pushya'],Saturn,Brihaspati,Rajas,Śuddhi (purification),Puriya Dhanashree,Oṁ paralayaya namaḥ,"wonder, amazement, curiosity · active, passionate, dynamic · sacred vibration",High Frequency,2026-05-11T11:12:43.991089
https://schema.org,CreativeWork,SAN-0576,Pranananda,pranananda,Shanta,124.2,['Ashlesha'],Mercury,Sarpas,Tamas,Paitṛka (ancestral),Todi,Oṁ prananandaya namaḥ,"peace, tranquility, stillness · stable, inert, grounded · sacred vibration",High Frequency,2026-05-11T11:12:43.991105
https://schema.org,CreativeWork,SAN-0577,Paragata,paragata,Shringara,126.3,['Magha'],Ketu,Pitrs,Sattva,Śravaṇa (learning),Bhimpalasi,Oṁ paragataya namaḥ,"love, beauty, devotion · pure, harmonious, balanced · sacred vibration",Medium Frequency,2026-05-11T11:12:43.991118
https://schema.org,CreativeWork,SAN-0578,Brahmasthiti,brahmasthiti,Hasya,128.4,['Purva Phalguni'],Venus,Bhaga,Rajas,Śakti (power),Rageshri,Oṁ brahmasthitiye namaḥ,"laughter, joy, mirth · active, passionate, dynamic · sacred vibration",Medium Frequency,2026-05-11T11:12:43.991132
https://schema.org,CreativeWork,SAN-0579,Pranasara,pranasara,Karuna,130.0,['Uttara Phalguni'],Sun,Aryaman,Tamas,Dhana (wealth),Khamaj,Oṁ pranasaraya namaḥ,"compassion, mercy, empathy · stable, inert, grounded · sacred vibration",Deep Frequency,2026-05-11T11:12:43.991146
https://schema.org,CreativeWork,SAN-0580,Adilaya,adilaya,Raudra,132.0,['Hasta'],Moon,Savitr,Sattva,Saṃvedana (intuition),Marwa,Oṁ adilayaya namaḥ,"fury, anger, intensity · pure, harmonious, balanced · sacred vibration",Deep Frequency,2026-05-11T11:12:43.991158
https://schema.org,CreativeWork,SAN-0581,Svatva,svatva,Vira,133.8,['Chitra'],Mars,Vishwakarma,Rajas,Svātantrya (freedom),Darbari,Oṁ svatvaya namaḥ,"heroism, courage, valor · active, passionate, dynamic · sacred vibration",Deep Frequency,2026-05-11T11:12:43.991172
https://schema.org,CreativeWork,SAN-0582,Atmalaya,atmalaya,Bhayanaka,136.1,['Swati'],Rahu,Vayu,Tamas,Saṃvedana (intuition),Desh,Oṁ atmalayaya namaḥ,"fear, terror, awe · stable, inert, grounded · sacred vibration",High Frequency,2026-05-11T11:12:43.991184
https://schema.org,CreativeWork,SAN-0583,Adipada,adipada,Bibhatsa,137.8,['Vishakha'],Jupiter,Indra-Agni,Sattva,Kauśala (creativity),Ahir Bhairav,Oṁ adipadaya namaḥ,"aversion, disgust, repulsion · pure, harmonious, balanced · sacred vibration",Medium Frequency,2026-05-11T11:12:43.991196
https://schema.org,CreativeWork,SAN-0584,Anandagata,anandagata,Adbhuta,140.0,['Anuradha'],Saturn,Mitra,Rajas,Kauśala (creativity),Kafi,Oṁ anandagataya namaḥ,"wonder, amazement, curiosity · active, passionate, dynamic · sacred vibration",Medium Frequency,2026-05-11T11:12:43.991208
https://schema.org,CreativeWork,SAN-0585,Adilaya,adilaya,Shanta,142.5,['Jyeshtha'],Mercury,Indra,Tamas,Mūla śodhana (root),Desh,Oṁ adilayaya namaḥ,"peace, tranquility, stillness · stable, inert, grounded · sacred vibration",High Frequency,2026-05-11T11:12:43.991220
https://schema.org,CreativeWork,SAN-0586,Brahmapada,brahmapada,Shringara,143.8,['Mula'],Ketu,Nirriti,Sattva,Śilpa (art),Ahir Bhairav,Oṁ brahmapadaya namaḥ,"love, beauty, devotion · pure, harmonious, balanced · sacred vibration",Deep Frequency,2026-05-11T11:12:43.991232
https://schema.org,CreativeWork,SAN-0587,Anandasara,anandasara,Hasya,145.6,['Purva Ashadha'],Venus,Apas,Rajas,Śodhana (purification),Puriya Dhanashree,Oṁ anandasaraya namaḥ,"laughter, joy, mirth · active, passionate, dynamic · sacred vibration",Medium Frequency,2026-05-11T11:12:43.991245
https://schema.org,CreativeWork,SAN-0588,Atmapada,atmapada,Karuna,147.9,['Uttara Ashadha'],Sun,Vishvedevas,Tamas,Vijaya (victory),Darbari,Oṁ atmapadaya namaḥ,"compassion, mercy, empathy · stable, inert, grounded · sacred vibration",Medium Frequency,2026-05-11T11:12:43.991259
https://schema.org,CreativeWork,SAN-0589,Mahamaya,mahamaya,Raudra,149.9,['Shravana'],Moon,Vishnu,Sattva,Vaivāhika (marriage),Puriya Dhanashree,Oṁ mahamayaya namaḥ,"fury, anger, intensity · pure, harmonious, balanced · sacred vibration",High Frequency,2026-05-11T11:12:43.991271
https://schema.org,CreativeWork,SAN-0590,Mahamaya,mahamaya,Vira,152.4,['Dhanishtha'],Mars,Vasus,Rajas,Śilpa (art),Marwa,Oṁ mahamayaya namaḥ,"heroism, courage, valor · active, passionate, dynamic · sacred vibration",Deep Frequency,2026-05-11T11:12:43.991283
https://schema.org,CreativeWork,SAN-0591,Pranananda,pranananda,Bhayanaka,153.7,['Shatabhisha'],Rahu,Varuna,Tamas,Navīkaraṇa (renewal),Desh,Oṁ prananandaya namaḥ,"fear, terror, awe · stable, inert, grounded · sacred vibration",High Frequency,2026-05-11T11:12:43.991297
https://schema.org,CreativeWork,SAN-0592,Adipada,adipada,Bibhatsa,155.9,['Purva Bhadrapada'],Jupiter,Aja Ekapada,Sattva,Svātantrya (freedom),Shankara,Oṁ adipadaya namaḥ,"aversion, disgust, repulsion · pure, harmonious, balanced · sacred vibration",Medium Frequency,2026-05-11T11:12:43.991310
https://schema.org,CreativeWork,SAN-0593,Parananda,parananda,Adbhuta,157.8,['Uttara Bhadrapada'],Saturn,Ahirbudhnya,Rajas,Ārogya (healing),Darbari,Oṁ paranandaya namaḥ,"wonder, amazement, curiosity · active, passionate, dynamic · sacred vibration",Medium Frequency,2026-05-11T11:12:43.991322
https://schema.org,CreativeWork,SAN-0594,Parananda,parananda,Shanta,159.5,['Revati'],Mercury,Pushan,Tamas,Kauśala (creativity),Khamaj,Oṁ paranandaya namaḥ,"peace, tranquility, stillness · stable, inert, grounded · sacred vibration",High Frequency,2026-05-11T11:12:43.991335
https://schema.org,CreativeWork,SAN-0595,Adilaya,adilaya,Shringara,108.5,['Ashwini'],Ketu,Ashwini Kumaras,Sattva,Kuṇḍalinī (healing),Bhimpalasi,Oṁ adilayaya namaḥ,"love, beauty, devotion · pure, harmonious, balanced · sacred vibration",Medium Frequency,2026-05-11T11:12:43.991347
https://schema.org,CreativeWork,SAN-0596,Vedakara,vedakara,Hasya,109.5,['Bharani'],Venus,Yama,Rajas,Nāyakatva (leadership),Yaman,Oṁ vedakaraya namaḥ,"laughter, joy, mirth · active, passionate, dynamic · sacred vibration",Deep Frequency,2026-05-11T11:12:43.991359
https://schema.org,CreativeWork,SAN-0597,Anandakara,anandakara,Karuna,112.4,['Krittika'],Sun,Agni,Tamas,Vaivāhika (marriage),Yaman,Oṁ anandakaraya namaḥ,"compassion, mercy, empathy · stable, inert, grounded · sacred vibration",Deep Frequency,2026-05-11T11:12:43.991371
https://schema.org,CreativeWork,SAN-0598,Adisthiti,adisthiti,Raudra,114.1,['Rohini'],Moon,Prajapati,Sattva,Saṃvedana (intuition),Kafi,Oṁ adisthitiye namaḥ,"fury, anger, intensity · pure, harmonious, balanced · sacred vibration",Medium Frequency,2026-05-11T11:12:43.991384
https://schema.org,CreativeWork,SAN-0599,Adinanda,adinanda,Vira,116.2,['Mrigashira'],Mars,Soma,Rajas,Ārogya (healing),Yaman,Oṁ adinandaya namaḥ,"heroism, courage, valor · active, passionate, dynamic · sacred vibration",High Frequency,2026-05-11T11:12:43.991397
https://schema.org,CreativeWork,SAN-0600,Pranamaya,pranamaya,Bhayanaka,118.2,['Ardra'],Rahu,Rudra,Tamas,Śodhana (purification),Marwa,Oṁ pranamayaya namaḥ,"fear, terror, awe · stable, inert, grounded · sacred vibration",High Frequency,2026-05-11T11:12:43.991408
https://schema.org,CreativeWork,SAN-0601,Pranasthiti,pranasthiti,Bibhatsa,119.9,['Punarvasu'],Jupiter,Aditi,Sattva,Pauṣṭi (nourishment),Ahir Bhairav,Oṁ pranasthitiye namaḥ,"aversion, disgust, repulsion · pure, harmonious, balanced · sacred vibration",High Frequency,2026-05-11T11:12:43.991545
https://schema.org,CreativeWork,SAN-0602,Parananda,parananda,Adbhuta,121.8,['Pushya'],Saturn,Brihaspati,Rajas,Kauśala (creativity),Bhoop,Oṁ paranandaya namaḥ,"wonder, amazement, curiosity · active, passionate, dynamic · sacred vibration",High Frequency,2026-05-11T11:12:43.991563
https://schema.org,CreativeWork,SAN-0603,Atmagata,atmagata,Shanta,124.4,['Ashlesha'],Mercury,Sarpas,Tamas,Nāyakatva (leadership),Todi,Oṁ atmagataya namaḥ,"peace, tranquility, stillness · stable, inert, grounded · sacred vibration",High Frequency,2026-05-11T11:12:43.991577
https://schema.org,CreativeWork,SAN-0604,Pranasara,pranasara,Shringara,126.2,['Magha'],Ketu,Pitrs,Sattva,Parivartana (transformation),Hamsadhwani,Oṁ pranasaraya namaḥ,"love, beauty, devotion · pure, harmonious, balanced · sacred vibration",Medium Frequency,2026-05-11T11:12:43.991590
https://schema.org,CreativeWork,SAN-0605,Anandamaya,anandamaya,Hasya,128.3,['Purva Phalguni'],Venus,Bhaga,Rajas,Śilpa (art),Malkauns,Oṁ anandamayaya namaḥ,"laughter, joy, mirth · active, passionate, dynamic · sacred vibration",Deep Frequency,2026-05-11T11:12:43.991603
https://schema.org,CreativeWork,SAN-0606,Chitpada,chitpada,Karuna,130.1,['Uttara Phalguni'],Sun,Aryaman,Tamas,Vaivāhika (marriage),Todi,Oṁ chitpadaya namaḥ,"compassion, mercy, empathy · stable, inert, grounded · sacred vibration",High Frequency,2026-05-11T11:12:43.991615
https://schema.org,CreativeWork,SAN-0607,Atmalaya,atmalaya,Raudra,132.5,['Hasta'],Moon,Savitr,Sattva,Saṃkṣobha (transformation),Bhoop,Oṁ atmalayaya namaḥ,"fury, anger, intensity · pure, harmonious, balanced · sacred vibration",High Frequency,2026-05-11T11:12:43.991628
https://schema.org,CreativeWork,SAN-0608,Brahmasthiti,brahmasthiti,Vira,133.7,['Chitra'],Mars,Vishwakarma,Rajas,Pauṣṭi (nourishment),Hamsadhwani,Oṁ brahmasthitiye namaḥ,"heroism, courage, valor · active, passionate, dynamic · sacred vibration",Medium Frequency,2026-05-11T11:12:43.991643
https://schema.org,CreativeWork,SAN-0609,Vedamaya,vedamaya,Bhayanaka,136.0,['Swati'],Rahu,Vayu,Tamas,Paitṛka (ancestral),Rageshri,Oṁ vedamayaya namaḥ,"fear, terror, awe · stable, inert, grounded · sacred vibration",Deep Frequency,2026-05-11T11:12:43.991656
https://schema.org,CreativeWork,SAN-0610,Adimaya,adimaya,Bibhatsa,137.6,['Vishakha'],Jupiter,Indra-Agni,Sattva,Ārogya (healing),Khamaj,Oṁ adimayaya namaḥ,"aversion, disgust, repulsion · pure, harmonious, balanced · sacred vibration",Deep Frequency,2026-05-11T11:12:43.991668
https://schema.org,CreativeWork,SAN-0611,Atmananda,atmananda,Adbhuta,139.5,['Anuradha'],Saturn,Mitra,Rajas,Saṃkṣobha (transformation),Khamaj,Oṁ atmanandaya namaḥ,"wonder, amazement, curiosity · active, passionate, dynamic · sacred vibration",Deep Frequency,2026-05-11T11:12:43.991681
https://schema.org,CreativeWork,SAN-0612,Pranakara,pranakara,Shanta,142.0,['Jyeshtha'],Mercury,Indra,Tamas,Śravaṇa (learning),Bageshree,Oṁ pranakaraya namaḥ,"peace, tranquility, stillness · stable, inert, grounded · sacred vibration",Medium Frequency,2026-05-11T11:12:43.991693
https://schema.org,CreativeWork,SAN-0613,Mahananda,mahananda,Shringara,143.9,['Mula'],Ketu,Nirriti,Sattva,Parivartana (transformation),Puriya Dhanashree,Oṁ mahanandaya namaḥ,"love, beauty, devotion · pure, harmonious, balanced · sacred vibration",High Frequency,2026-05-11T11:12:43.991707
https://schema.org,CreativeWork,SAN-0614,Brahmakara,brahmakara,Hasya,146.3,['Purva Ashadha'],Venus,Apas,Rajas,Vijaya (victory),Marwa,Oṁ brahmakaraya namaḥ,"laughter, joy, mirth · active, passionate, dynamic · sacred vibration",High Frequency,2026-05-11T11:12:43.991719
https://schema.org,CreativeWork,SAN-0615,Adikara,adikara,Karuna,147.8,['Uttara Ashadha'],Sun,Vishvedevas,Tamas,Śodhana (purification),Marwa,Oṁ adikaraya namaḥ,"compassion, mercy, empathy · stable, inert, grounded · sacred vibration",High Frequency,2026-05-11T11:12:43.991733
https://schema.org,CreativeWork,SAN-0616,Mahalaya,mahalaya,Raudra,149.9,['Shravana'],Moon,Vishnu,Sattva,Pauṣṭi (nourishment),Bhimpalasi,Oṁ mahalayaya namaḥ,"fury, anger, intensity · pure, harmonious, balanced · sacred vibration",High Frequency,2026-05-11T11:12:43.991746
https://schema.org,CreativeWork,SAN-0617,Vedasara,vedasara,Vira,151.7,['Dhanishtha'],Mars,Vasus,Rajas,Śilpa (art),Khamaj,Oṁ vedasaraya namaḥ,"heroism, courage, valor · active, passionate, dynamic · sacred vibration",High Frequency,2026-05-11T11:12:43.991758
https://schema.org,CreativeWork,SAN-0618,Atmatva,atmatva,Bhayanaka,153.9,['Shatabhisha'],Rahu,Varuna,Tamas,Parivartana (transformation),Todi,Oṁ atmatvaya namaḥ,"fear, terror, awe · stable, inert, grounded · sacred vibration",Deep Frequency,2026-05-11T11:12:43.991772
https://schema.org,CreativeWork,SAN-0619,Mahagata,mahagata,Bibhatsa,155.7,['Purva Bhadrapada'],Jupiter,Aja Ekapada,Sattva,Śodhana (purification),Bhoop,Oṁ mahagataya namaḥ,"aversion, disgust, repulsion · pure, harmonious, balanced · sacred vibration",High Frequency,2026-05-11T11:12:43.991784
https://schema.org,CreativeWork,SAN-0620,Parasthiti,parasthiti,Adbhuta,157.8,['Uttara Bhadrapada'],Saturn,Ahirbudhnya,Rajas,Śakti (power),Bhoop,Oṁ parasthitiye namaḥ,"wonder, amazement, curiosity · active, passionate, dynamic · sacred vibration",Deep Frequency,2026-05-11T11:12:43.991796
https://schema.org,CreativeWork,SAN-0621,Adirupa,adirupa,Shanta,159.7,['Revati'],Mercury,Pushan,Tamas,Śilpa (art),Brindavani Sarang,Oṁ adirupaya namaḥ,"peace, tranquility, stillness · stable, inert, grounded · sacred vibration",Deep Frequency,2026-05-11T11:12:43.991810
https://schema.org,CreativeWork,SAN-0622,Svasthiti,svasthiti,Shringara,108.3,['Ashwini'],Ketu,Ashwini Kumaras,Sattva,Maitrī (friendship),Bageshree,Oṁ svasthitiye namaḥ,"love, beauty, devotion · pure, harmonious, balanced · sacred vibration",Deep Frequency,2026-05-11T11:12:43.991825
https://schema.org,CreativeWork,SAN-0623,Brahmananda,brahmananda,Hasya,110.4,['Bharani'],Venus,Yama,Rajas,Śodhana (purification),Bageshree,Oṁ brahmanandaya namaḥ,"laughter, joy, mirth · active, passionate, dynamic · sacred vibration",Deep Frequency,2026-05-11T11:12:43.991837
https://schema.org,CreativeWork,SAN-0624,Atmapada,atmapada,Karuna,111.8,['Krittika'],Sun,Agni,Tamas,Śakti (power),Ahir Bhairav,Oṁ atmapadaya namaḥ,"compassion, mercy, empathy · stable, inert, grounded · sacred vibration",High Frequency,2026-05-11T11:12:43.991849
https://schema.org,CreativeWork,SAN-0625,Adisara,adisara,Raudra,114.0,['Rohini'],Moon,Prajapati,Sattva,Vaivāhika (marriage),Kafi,Oṁ adisaraya namaḥ,"fury, anger, intensity · pure, harmonious, balanced · sacred vibration",Medium Frequency,2026-05-11T11:12:43.991864
https://schema.org,CreativeWork,SAN-0626,Svatva,svatva,Vira,115.6,['Mrigashira'],Mars,Soma,Rajas,Saṃkṣobha (transformation),Bageshree,Oṁ svatvaya namaḥ,"heroism, courage, valor · active, passionate, dynamic · sacred vibration",Medium Frequency,2026-05-11T11:12:43.991876
https://schema.org,CreativeWork,SAN-0627,Parapada,parapada,Bhayanaka,117.8,['Ardra'],Rahu,Rudra,Tamas,Kauśala (creativity),Brindavani Sarang,Oṁ parapadaya namaḥ,"fear, terror, awe · stable, inert, grounded · sacred vibration",High Frequency,2026-05-11T11:12:43.991888
https://schema.org,CreativeWork,SAN-0628,Pranapada,pranapada,Bibhatsa,119.6,['Punarvasu'],Jupiter,Aditi,Sattva,Svātantrya (freedom),Ahir Bhairav,Oṁ pranapadaya namaḥ,"aversion, disgust, repulsion · pure, harmonious, balanced · sacred vibration",High Frequency,2026-05-11T11:12:43.991902
https://schema.org,CreativeWork,SAN-0629,Chitnanda,chitnanda,Adbhuta,122.0,['Pushya'],Saturn,Brihaspati,Rajas,Vaivāhika (marriage),Bhoop,Oṁ chitnandaya namaḥ,"wonder, amazement, curiosity · active, passionate, dynamic · sacred vibration",Medium Frequency,2026-05-11T11:12:43.991916
https://schema.org,CreativeWork,SAN-0630,Brahmapada,brahmapada,Shanta,123.7,['Ashlesha'],Mercury,Sarpas,Tamas,Ārogya (healing),Desh,Oṁ brahmapadaya namaḥ,"peace, tranquility, stillness · stable, inert, grounded · sacred vibration",Medium Frequency,2026-05-11T11:12:43.991929
https://schema.org,CreativeWork,SAN-0631,Brahmagata,brahmagata,Shringara,125.6,['Magha'],Ketu,Pitrs,Sattva,Paitṛka (ancestral),Hamsadhwani,Oṁ brahmagataya namaḥ,"love, beauty, devotion · pure, harmonious, balanced · sacred vibration",Deep Frequency,2026-05-11T11:12:43.991941
https://schema.org,CreativeWork,SAN-0632,Paratva,paratva,Hasya,128.2,['Purva Phalguni'],Venus,Bhaga,Rajas,Parivartana (transformation),Kafi,Oṁ paratvaya namaḥ,"laughter, joy, mirth · active, passionate, dynamic · sacred vibration",High Frequency,2026-05-11T11:12:43.991953
https://schema.org,CreativeWork,SAN-0633,Svamaya,svamaya,Karuna,130.3,['Uttara Phalguni'],Sun,Aryaman,Tamas,Maitrī (friendship),Shankara,Oṁ svamayaya namaḥ,"compassion, mercy, empathy · stable, inert, grounded · sacred vibration",Deep Frequency,2026-05-11T11:12:43.991965
https://schema.org,CreativeWork,SAN-0634,Atmapada,atmapada,Raudra,132.3,['Hasta'],Moon,Savitr,Sattva,Vaivāhika (marriage),Hamsadhwani,Oṁ atmapadaya namaḥ,"fury, anger, intensity · pure, harmonious, balanced · sacred vibration",Deep Frequency,2026-05-11T11:12:43.991977
https://schema.org,CreativeWork,SAN-0635,Atmasara,atmasara,Vira,134.4,['Chitra'],Mars,Vishwakarma,Rajas,Kauśala (creativity),Todi,Oṁ atmasaraya namaḥ,"heroism, courage, valor · active, passionate, dynamic · sacred vibration",Medium Frequency,2026-05-11T11:12:43.991988
https://schema.org,CreativeWork,SAN-0636,Parasara,parasara,Bhayanaka,136.3,['Swati'],Rahu,Vayu,Tamas,Maitrī (friendship),Rageshri,Oṁ parasaraya namaḥ,"fear, terror, awe · stable, inert, grounded · sacred vibration",Deep Frequency,2026-05-11T11:12:43.992001
https://schema.org,CreativeWork,SAN-0637,Anandatva,anandatva,Bibhatsa,138.1,['Vishakha'],Jupiter,Indra-Agni,Sattva,Vaivāhika (marriage),Ahir Bhairav,Oṁ anandatvaya namaḥ,"aversion, disgust, repulsion · pure, harmonious, balanced · sacred vibration",Deep Frequency,2026-05-11T11:12:43.992015
https://schema.org,CreativeWork,SAN-0638,Adinanda,adinanda,Adbhuta,140.1,['Anuradha'],Saturn,Mitra,Rajas,Mūla śodhana (root),Malkauns,Oṁ adinandaya namaḥ,"wonder, amazement, curiosity · active, passionate, dynamic · sacred vibration",Deep Frequency,2026-05-11T11:12:43.992029
https://schema.org,CreativeWork,SAN-0639,Parakara,parakara,Shanta,141.6,['Jyeshtha'],Mercury,Indra,Tamas,Nāyakatva (leadership),Rageshri,Oṁ parakaraya namaḥ,"peace, tranquility, stillness · stable, inert, grounded · sacred vibration",Medium Frequency,2026-05-11T11:12:43.992041
https://schema.org,CreativeWork,SAN-0640,Anandatva,anandatva,Shringara,144.4,['Mula'],Ketu,Nirriti,Sattva,Śodhana (purification),Kafi,Oṁ anandatvaya namaḥ,"love, beauty, devotion · pure, harmonious, balanced · sacred vibration",Medium Frequency,2026-05-11T11:12:43.992053
https://schema.org,CreativeWork,SAN-0641,Anandatva,anandatva,Hasya,145.5,['Purva Ashadha'],Venus,Apas,Rajas,Nāyakatva (leadership),Bhairav,Oṁ anandatvaya namaḥ,"laughter, joy, mirth · active, passionate, dynamic · sacred vibration",Deep Frequency,2026-05-11T11:12:43.992068
https://schema.org,CreativeWork,SAN-0642,Parananda,parananda,Karuna,147.8,['Uttara Ashadha'],Sun,Vishvedevas,Tamas,Paitṛka (ancestral),Shankara,Oṁ paranandaya namaḥ,"compassion, mercy, empathy · stable, inert, grounded · sacred vibration",High Frequency,2026-05-11T11:12:43.992080
https://schema.org,CreativeWork,SAN-0643,Mahalaya,mahalaya,Raudra,150.3,['Shravana'],Moon,Vishnu,Sattva,Mūla śodhana (root),Desh,Oṁ mahalayaya namaḥ,"fury, anger, intensity · pure, harmonious, balanced · sacred vibration",Medium Frequency,2026-05-11T11:12:43.992094
https://schema.org,CreativeWork,SAN-0644,Svakara,svakara,Vira,152.2,['Dhanishtha'],Mars,Vasus,Rajas,Śilpa (art),Ahir Bhairav,Oṁ svakaraya namaḥ,"heroism, courage, valor · active, passionate, dynamic · sacred vibration",Medium Frequency,2026-05-11T11:12:43.992106
https://schema.org,CreativeWork,SAN-0645,Vedasara,vedasara,Bhayanaka,154.1,['Shatabhisha'],Rahu,Varuna,Tamas,Mūla śodhana (root),Malkauns,Oṁ vedasaraya namaḥ,"fear, terror, awe · stable, inert, grounded · sacred vibration",Deep Frequency,2026-05-11T11:12:43.992118
https://schema.org,CreativeWork,SAN-0646,Brahmakara,brahmakara,Bibhatsa,156.2,['Purva Bhadrapada'],Jupiter,Aja Ekapada,Sattva,Saṃvedana (intuition),Yaman,Oṁ brahmakaraya namaḥ,"aversion, disgust, repulsion · pure, harmonious, balanced · sacred vibration",Medium Frequency,2026-05-11T11:12:43.992131
https://schema.org,CreativeWork,SAN-0647,Vedalaya,vedalaya,Adbhuta,157.7,['Uttara Bhadrapada'],Saturn,Ahirbudhnya,Rajas,Śuddhi (purification),Marwa,Oṁ vedalayaya namaḥ,"wonder, amazement, curiosity · active, passionate, dynamic · sacred vibration",High Frequency,2026-05-11T11:12:43.992143
https://schema.org,CreativeWork,SAN-0648,Svagata,svagata,Shanta,160.1,['Revati'],Mercury,Pushan,Tamas,Paitṛka (ancestral),Bageshree,Oṁ svagataya namaḥ,"peace, tranquility, stillness · stable, inert, grounded · sacred vibration",High Frequency,2026-05-11T11:12:43.992158
https://schema.org,CreativeWork,SAN-0649,Brahmananda,brahmananda,Shringara,108.3,['Ashwini'],Ketu,Ashwini Kumaras,Sattva,Svātantrya (freedom),Rageshri,Oṁ brahmanandaya namaḥ,"love, beauty, devotion · pure, harmonious, balanced · sacred vibration",Medium Frequency,2026-05-11T11:12:43.992171
https://schema.org,CreativeWork,SAN-0650,Svasthiti,svasthiti,Hasya,110.3,['Bharani'],Venus,Yama,Rajas,Kuṇḍalinī (healing),Puriya Dhanashree,Oṁ svasthitiye namaḥ,"laughter, joy, mirth · active, passionate, dynamic · sacred vibration",High Frequency,2026-05-11T11:12:43.992183
https://schema.org,CreativeWork,SAN-0651,Mahananda,mahananda,Karuna,112.1,['Krittika'],Sun,Agni,Tamas,Kauśala (creativity),Hamsadhwani,Oṁ mahanandaya namaḥ,"compassion, mercy, empathy · stable, inert, grounded · sacred vibration",Deep Frequency,2026-05-11T11:12:43.992196
https://schema.org,CreativeWork,SAN-0652,Brahmasara,brahmasara,Raudra,114.1,['Rohini'],Moon,Prajapati,Sattva,Pauṣṭi (nourishment),Desh,Oṁ brahmasaraya namaḥ,"fury, anger, intensity · pure, harmonious, balanced · sacred vibration",High Frequency,2026-05-11T11:12:43.992208
https://schema.org,CreativeWork,SAN-0653,Brahmagata,brahmagata,Vira,115.7,['Mrigashira'],Mars,Soma,Rajas,Dhana (wealth),Malkauns,Oṁ brahmagataya namaḥ,"heroism, courage, valor · active, passionate, dynamic · sacred vibration",Medium Frequency,2026-05-11T11:12:43.992220
https://schema.org,CreativeWork,SAN-0654,Brahmakara,brahmakara,Bhayanaka,118.3,['Ardra'],Rahu,Rudra,Tamas,Śilpa (art),Todi,Oṁ brahmakaraya namaḥ,"fear, terror, awe · stable, inert, grounded · sacred vibration",Deep Frequency,2026-05-11T11:12:43.992233
https://schema.org,CreativeWork,SAN-0655,Atmarupa,atmarupa,Bibhatsa,119.6,['Punarvasu'],Jupiter,Aditi,Sattva,Kauśala (creativity),Todi,Oṁ atmarupaya namaḥ,"aversion, disgust, repulsion · pure, harmonious, balanced · sacred vibration",Deep Frequency,2026-05-11T11:12:43.992245
https://schema.org,CreativeWork,SAN-0656,Mahananda,mahananda,Adbhuta,121.8,['Pushya'],Saturn,Brihaspati,Rajas,Vijaya (victory),Desh,Oṁ mahanandaya namaḥ,"wonder, amazement, curiosity · active, passionate, dynamic · sacred vibration",Medium Frequency,2026-05-11T11:12:43.992257
https://schema.org,CreativeWork,SAN-0657,Vedananda,vedananda,Shanta,123.6,['Ashlesha'],Mercury,Sarpas,Tamas,Dhana (wealth),Kafi,Oṁ vedanandaya namaḥ,"peace, tranquility, stillness · stable, inert, grounded · sacred vibration",High Frequency,2026-05-11T11:12:43.992269
https://schema.org,CreativeWork,SAN-0658,Parananda,parananda,Shringara,126.5,['Magha'],Ketu,Pitrs,Sattva,Navīkaraṇa (renewal),Khamaj,Oṁ paranandaya namaḥ,"love, beauty, devotion · pure, harmonious, balanced · sacred vibration",Medium Frequency,2026-05-11T11:12:43.992283
https://schema.org,CreativeWork,SAN-0659,Svamaya,svamaya,Hasya,127.5,['Purva Phalguni'],Venus,Bhaga,Rajas,Śilpa (art),Malkauns,Oṁ svamayaya namaḥ,"laughter, joy, mirth · active, passionate, dynamic · sacred vibration",Medium Frequency,2026-05-11T11:12:43.992299
https://schema.org,CreativeWork,SAN-0660,Vedalaya,vedalaya,Karuna,130.2,['Uttara Phalguni'],Sun,Aryaman,Tamas,Svātantrya (freedom),Bageshree,Oṁ vedalayaya namaḥ,"compassion, mercy, empathy · stable, inert, grounded · sacred vibration",High Frequency,2026-05-11T11:12:43.992311
https://schema.org,CreativeWork,SAN-0661,Svasthiti,svasthiti,Raudra,132.4,['Hasta'],Moon,Savitr,Sattva,Parivartana (transformation),Puriya Dhanashree,Oṁ svasthitiye namaḥ,"fury, anger, intensity · pure, harmonious, balanced · sacred vibration",Deep Frequency,2026-05-11T11:12:43.992324
https://schema.org,CreativeWork,SAN-0662,Mahatva,mahatva,Vira,133.7,['Chitra'],Mars,Vishwakarma,Rajas,Kauśala (creativity),Desh,Oṁ mahatvaya namaḥ,"heroism, courage, valor · active, passionate, dynamic · sacred vibration",Medium Frequency,2026-05-11T11:12:43.992336
https://schema.org,CreativeWork,SAN-0663,Svasthiti,svasthiti,Bhayanaka,135.7,['Swati'],Rahu,Vayu,Tamas,Śodhana (purification),Desh,Oṁ svasthitiye namaḥ,"fear, terror, awe · stable, inert, grounded · sacred vibration",High Frequency,2026-05-11T11:12:43.992349
https://schema.org,CreativeWork,SAN-0664,Parakara,parakara,Bibhatsa,137.8,['Vishakha'],Jupiter,Indra-Agni,Sattva,Vijaya (victory),Puriya Dhanashree,Oṁ parakaraya namaḥ,"aversion, disgust, repulsion · pure, harmonious, balanced · sacred vibration",Deep Frequency,2026-05-11T11:12:43.992361
https://schema.org,CreativeWork,SAN-0665,Anandarupa,anandarupa,Adbhuta,139.7,['Anuradha'],Saturn,Mitra,Rajas,Dhana (wealth),Bhimpalasi,Oṁ anandarupaya namaḥ,"wonder, amazement, curiosity · active, passionate, dynamic · sacred vibration",Medium Frequency,2026-05-11T11:12:43.992373
https://schema.org,CreativeWork,SAN-0666,Pranasara,pranasara,Shanta,141.9,['Jyeshtha'],Mercury,Indra,Tamas,Kauśala (creativity),Bhairav,Oṁ pranasaraya namaḥ,"peace, tranquility, stillness · stable, inert, grounded · sacred vibration",Medium Frequency,2026-05-11T11:12:43.992386
https://schema.org,CreativeWork,SAN-0667,Anandasthiti,anandasthiti,Shringara,144.3,['Mula'],Ketu,Nirriti,Sattva,Saṃvedana (intuition),Desh,Oṁ anandasthitiye namaḥ,"love, beauty, devotion · pure, harmonious, balanced · sacred vibration",High Frequency,2026-05-11T11:12:43.992398
https://schema.org,CreativeWork,SAN-0668,Anandasthiti,anandasthiti,Hasya,145.7,['Purva Ashadha'],Venus,Apas,Rajas,Vijaya (victory),Hamsadhwani,Oṁ anandasthitiye namaḥ,"laughter, joy, mirth · active, passionate, dynamic · sacred vibration",High Frequency,2026-05-11T11:12:43.992412
https://schema.org,CreativeWork,SAN-0669,Brahmalaya,brahmalaya,Karuna,148.3,['Uttara Ashadha'],Sun,Vishvedevas,Tamas,Dhana (wealth),Puriya Dhanashree,Oṁ brahmalayaya namaḥ,"compassion, mercy, empathy · stable, inert, grounded · sacred vibration",Deep Frequency,2026-05-11T11:12:43.992424
https://schema.org,CreativeWork,SAN-0670,Vedatva,vedatva,Raudra,149.5,['Shravana'],Moon,Vishnu,Sattva,Maitrī (friendship),Khamaj,Oṁ vedatvaya namaḥ,"fury, anger, intensity · pure, harmonious, balanced · sacred vibration",Deep Frequency,2026-05-11T11:12:43.992438
https://schema.org,CreativeWork,SAN-0671,Chitsara,chitsara,Vira,152.4,['Dhanishtha'],Mars,Vasus,Rajas,Nāyakatva (leadership),Rageshri,Oṁ chitsaraya namaḥ,"heroism, courage, valor · active, passionate, dynamic · sacred vibration",High Frequency,2026-05-11T11:12:43.992450
https://schema.org,CreativeWork,SAN-0672,Pranatva,pranatva,Bhayanaka,153.8,['Shatabhisha'],Rahu,Varuna,Tamas,Saṃvedana (intuition),Shankara,Oṁ pranatvaya namaḥ,"fear, terror, awe · stable, inert, grounded · sacred vibration",Medium Frequency,2026-05-11T11:12:43.992463
https://schema.org,CreativeWork,SAN-0673,Brahmapada,brahmapada,Bibhatsa,156.2,['Purva Bhadrapada'],Jupiter,Aja Ekapada,Sattva,Ārogya (healing),Desh,Oṁ brahmapadaya namaḥ,"aversion, disgust, repulsion · pure, harmonious, balanced · sacred vibration",Deep Frequency,2026-05-11T11:12:43.992477
https://schema.org,CreativeWork,SAN-0674,Chitsthiti,chitsthiti,Adbhuta,157.9,['Uttara Bhadrapada'],Saturn,Ahirbudhnya,Rajas,Paitṛka (ancestral),Bhimpalasi,Oṁ chitsthitiye namaḥ,"wonder, amazement, curiosity · active, passionate, dynamic · sacred vibration",Deep Frequency,2026-05-11T11:12:43.992492
https://schema.org,CreativeWork,SAN-0675,Brahmalaya,brahmalaya,Shanta,159.8,['Revati'],Mercury,Pushan,Tamas,Vijaya (victory),Shankara,Oṁ brahmalayaya namaḥ,"peace, tranquility, stillness · stable, inert, grounded · sacred vibration",High Frequency,2026-05-11T11:12:43.992504
https://schema.org,CreativeWork,SAN-0676,Anandakara,anandakara,Shringara,108.1,['Ashwini'],Ketu,Ashwini Kumaras,Sattva,Śilpa (art),Shankara,Oṁ anandakaraya namaḥ,"love, beauty, devotion · pure, harmonious, balanced · sacred vibration",High Frequency,2026-05-11T11:12:43.992516
https://schema.org,CreativeWork,SAN-0677,Anandasthiti,anandasthiti,Hasya,109.6,['Bharani'],Venus,Yama,Rajas,Kuṇḍalinī (healing),Desh,Oṁ anandasthitiye namaḥ,"laughter, joy, mirth · active, passionate, dynamic · sacred vibration",High Frequency,2026-05-11T11:12:43.992528
https://schema.org,CreativeWork,SAN-0678,Anandasara,anandasara,Karuna,111.7,['Krittika'],Sun,Agni,Tamas,Vijaya (victory),Malkauns,Oṁ anandasaraya namaḥ,"compassion, mercy, empathy · stable, inert, grounded · sacred vibration",Medium Frequency,2026-05-11T11:12:43.992545
https://schema.org,CreativeWork,SAN-0679,Svasara,svasara,Raudra,113.7,['Rohini'],Moon,Prajapati,Sattva,Pauṣṭi (nourishment),Marwa,Oṁ svasaraya namaḥ,"fury, anger, intensity · pure, harmonious, balanced · sacred vibration",High Frequency,2026-05-11T11:12:43.992558
https://schema.org,CreativeWork,SAN-0680,Vedasthiti,vedasthiti,Vira,115.6,['Mrigashira'],Mars,Soma,Rajas,Kauśala (creativity),Bhoop,Oṁ vedasthitiye namaḥ,"heroism, courage, valor · active, passionate, dynamic · sacred vibration",High Frequency,2026-05-11T11:12:43.992570
https://schema.org,CreativeWork,SAN-0681,Adipada,adipada,Bhayanaka,117.9,['Ardra'],Rahu,Rudra,Tamas,Śilpa (art),Ahir Bhairav,Oṁ adipadaya namaḥ,"fear, terror, awe · stable, inert, grounded · sacred vibration",High Frequency,2026-05-11T11:12:43.992583
https://schema.org,CreativeWork,SAN-0682,Atmasthiti,atmasthiti,Bibhatsa,119.5,['Punarvasu'],Jupiter,Aditi,Sattva,Nāyakatva (leadership),Bhimpalasi,Oṁ atmasthitiye namaḥ,"aversion, disgust, repulsion · pure, harmonious, balanced · sacred vibration",Medium Frequency,2026-05-11T11:12:43.992599
https://schema.org,CreativeWork,SAN-0683,Anandamaya,anandamaya,Adbhuta,122.2,['Pushya'],Saturn,Brihaspati,Rajas,Śakti (power),Rageshri,Oṁ anandamayaya namaḥ,"wonder, amazement, curiosity · active, passionate, dynamic · sacred vibration",High Frequency,2026-05-11T11:12:43.992611
https://schema.org,CreativeWork,SAN-0684,Anandagata,anandagata,Shanta,123.9,['Ashlesha'],Mercury,Sarpas,Tamas,Svātantrya (freedom),Desh,Oṁ anandagataya namaḥ,"peace, tranquility, stillness · stable, inert, grounded · sacred vibration",Deep Frequency,2026-05-11T11:12:43.992625
https://schema.org,CreativeWork,SAN-0685,Anandamaya,anandamaya,Shringara,126.0,['Magha'],Ketu,Pitrs,Sattva,Śravaṇa (learning),Ahir Bhairav,Oṁ anandamayaya namaḥ,"love, beauty, devotion · pure, harmonious, balanced · sacred vibration",Deep Frequency,2026-05-11T11:12:43.992638
https://schema.org,CreativeWork,SAN-0686,Svasara,svasara,Hasya,128.0,['Purva Phalguni'],Venus,Bhaga,Rajas,Śilpa (art),Ahir Bhairav,Oṁ svasaraya namaḥ,"laughter, joy, mirth · active, passionate, dynamic · sacred vibration",High Frequency,2026-05-11T11:12:43.992651
https://schema.org,CreativeWork,SAN-0687,Brahmalaya,brahmalaya,Karuna,130.1,['Uttara Phalguni'],Sun,Aryaman,Tamas,Ārogya (healing),Khamaj,Oṁ brahmalayaya namaḥ,"compassion, mercy, empathy · stable, inert, grounded · sacred vibration",High Frequency,2026-05-11T11:12:43.992667
https://schema.org,CreativeWork,SAN-0688,Brahmalaya,brahmalaya,Raudra,132.4,['Hasta'],Moon,Savitr,Sattva,Saṃkṣobha (transformation),Darbari,Oṁ brahmalayaya namaḥ,"fury, anger, intensity · pure, harmonious, balanced · sacred vibration",Deep Frequency,2026-05-11T11:12:43.992681
https://schema.org,CreativeWork,SAN-0689,Brahmakara,brahmakara,Vira,133.7,['Chitra'],Mars,Vishwakarma,Rajas,Pauṣṭi (nourishment),Yaman,Oṁ brahmakaraya namaḥ,"heroism, courage, valor · active, passionate, dynamic · sacred vibration",Medium Frequency,2026-05-11T11:12:43.992697
https://schema.org,CreativeWork,SAN-0690,Anandapada,anandapada,Bhayanaka,135.9,['Swati'],Rahu,Vayu,Tamas,Śakti (power),Darbari,Oṁ anandapadaya namaḥ,"fear, terror, awe · stable, inert, grounded · sacred vibration",Deep Frequency,2026-05-11T11:12:43.992710
https://schema.org,CreativeWork,SAN-0691,Mahananda,mahananda,Bibhatsa,138.3,['Vishakha'],Jupiter,Indra-Agni,Sattva,Vijaya (victory),Desh,Oṁ mahanandaya namaḥ,"aversion, disgust, repulsion · pure, harmonious, balanced · sacred vibration",Medium Frequency,2026-05-11T11:12:43.992722
https://schema.org,CreativeWork,SAN-0692,Maharupa,maharupa,Adbhuta,139.7,['Anuradha'],Saturn,Mitra,Rajas,Śuddhi (purification),Brindavani Sarang,Oṁ maharupaya namaḥ,"wonder, amazement, curiosity · active, passionate, dynamic · sacred vibration",Deep Frequency,2026-05-11T11:12:43.992735
https://schema.org,CreativeWork,SAN-0693,Vedatva,vedatva,Shanta,142.4,['Jyeshtha'],Mercury,Indra,Tamas,Saṃvedana (intuition),Yaman,Oṁ vedatvaya namaḥ,"peace, tranquility, stillness · stable, inert, grounded · sacred vibration",Medium Frequency,2026-05-11T11:12:43.992749
https://schema.org,CreativeWork,SAN-0694,Parasthiti,parasthiti,Shringara,144.3,['Mula'],Ketu,Nirriti,Sattva,Śuddhi (purification),Desh,Oṁ parasthitiye namaḥ,"love, beauty, devotion · pure, harmonious, balanced · sacred vibration",High Frequency,2026-05-11T11:12:43.992763
https://schema.org,CreativeWork,SAN-0695,Pranatva,pranatva,Hasya,146.4,['Purva Ashadha'],Venus,Apas,Rajas,Vijaya (victory),Khamaj,Oṁ pranatvaya namaḥ,"laughter, joy, mirth · active, passionate, dynamic · sacred vibration",Deep Frequency,2026-05-11T11:12:43.992776
https://schema.org,CreativeWork,SAN-0696,Parananda,parananda,Karuna,148.1,['Uttara Ashadha'],Sun,Vishvedevas,Tamas,Ārogya (healing),Malkauns,Oṁ paranandaya namaḥ,"compassion, mercy, empathy · stable, inert, grounded · sacred vibration",High Frequency,2026-05-11T11:12:43.992789
https://schema.org,CreativeWork,SAN-0697,Adisara,adisara,Raudra,149.7,['Shravana'],Moon,Vishnu,Sattva,Parivartana (transformation),Marwa,Oṁ adisaraya namaḥ,"fury, anger, intensity · pure, harmonious, balanced · sacred vibration",High Frequency,2026-05-11T11:12:43.992801
https://schema.org,CreativeWork,SAN-0698,Brahmakara,brahmakara,Vira,152.1,['Dhanishtha'],Mars,Vasus,Rajas,Paitṛka (ancestral),Bageshree,Oṁ brahmakaraya namaḥ,"heroism, courage, valor · active, passionate, dynamic · sacred vibration",High Frequency,2026-05-11T11:12:43.992815
https://schema.org,CreativeWork,SAN-0699,Aditva,aditva,Bhayanaka,153.7,['Shatabhisha'],Rahu,Varuna,Tamas,Dhana (wealth),Rageshri,Oṁ aditvaya namaḥ,"fear, terror, awe · stable, inert, grounded · sacred vibration",Medium Frequency,2026-05-11T11:12:43.992828
https://schema.org,CreativeWork,SAN-0700,Chitkara,chitkara,Bibhatsa,156.1,['Purva Bhadrapada'],Jupiter,Aja Ekapada,Sattva,Parivartana (transformation),Shankara,Oṁ chitkaraya namaḥ,"aversion, disgust, repulsion · pure, harmonious, balanced · sacred vibration",High Frequency,2026-05-11T11:12:43.992840
https://schema.org,CreativeWork,SAN-0701,Mahamaya,mahamaya,Adbhuta,157.7,['Uttara Bhadrapada'],Saturn,Ahirbudhnya,Rajas,Paitṛka (ancestral),Bhoop,Oṁ mahamayaya namaḥ,"wonder, amazement, curiosity · active, passionate, dynamic · sacred vibration",Deep Frequency,2026-05-11T11:12:43.992965
https://schema.org,CreativeWork,SAN-0702,Anandakara,anandakara,Shanta,160.5,['Revati'],Mercury,Pushan,Tamas,Pauṣṭi (nourishment),Darbari,Oṁ anandakaraya namaḥ,"peace, tranquility, stillness · stable, inert, grounded · sacred vibration",Medium Frequency,2026-05-11T11:12:43.992980
https://schema.org,CreativeWork,SAN-0703,Brahmakara,brahmakara,Shringara,107.7,['Ashwini'],Ketu,Ashwini Kumaras,Sattva,Dhana (wealth),Malkauns,Oṁ brahmakaraya namaḥ,"love, beauty, devotion · pure, harmonious, balanced · sacred vibration",Deep Frequency,2026-05-11T11:12:43.992994
https://schema.org,CreativeWork,SAN-0704,Anandakara,anandakara,Hasya,109.7,['Bharani'],Venus,Yama,Rajas,Dhana (wealth),Khamaj,Oṁ anandakaraya namaḥ,"laughter, joy, mirth · active, passionate, dynamic · sacred vibration",High Frequency,2026-05-11T11:12:43.993009
https://schema.org,CreativeWork,SAN-0705,Svasthiti,svasthiti,Karuna,112.2,['Krittika'],Sun,Agni,Tamas,Ārogya (healing),Bhimpalasi,Oṁ svasthitiye namaḥ,"compassion, mercy, empathy · stable, inert, grounded · sacred vibration",Medium Frequency,2026-05-11T11:12:43.993023
https://schema.org,CreativeWork,SAN-0706,Paratva,paratva,Raudra,113.9,['Rohini'],Moon,Prajapati,Sattva,Maitrī (friendship),Darbari,Oṁ paratvaya namaḥ,"fury, anger, intensity · pure, harmonious, balanced · sacred vibration",Medium Frequency,2026-05-11T11:12:43.993036
https://schema.org,CreativeWork,SAN-0707,Adigata,adigata,Vira,116.3,['Mrigashira'],Mars,Soma,Rajas,Maitrī (friendship),Rageshri,Oṁ adigataya namaḥ,"heroism, courage, valor · active, passionate, dynamic · sacred vibration",Medium Frequency,2026-05-11T11:12:43.993048
https://schema.org,CreativeWork,SAN-0708,Anandamaya,anandamaya,Bhayanaka,118.0,['Ardra'],Rahu,Rudra,Tamas,Maitrī (friendship),Khamaj,Oṁ anandamayaya namaḥ,"fear, terror, awe · stable, inert, grounded · sacred vibration",Deep Frequency,2026-05-11T11:12:43.993063
https://schema.org,CreativeWork,SAN-0709,Anandatva,anandatva,Bibhatsa,120.5,['Punarvasu'],Jupiter,Aditi,Sattva,Vijaya (victory),Todi,Oṁ anandatvaya namaḥ,"aversion, disgust, repulsion · pure, harmonious, balanced · sacred vibration",High Frequency,2026-05-11T11:12:43.993075
https://schema.org,CreativeWork,SAN-0710,Brahmalaya,brahmalaya,Adbhuta,121.7,['Pushya'],Saturn,Brihaspati,Rajas,Saṃkṣobha (transformation),Khamaj,Oṁ brahmalayaya namaḥ,"wonder, amazement, curiosity · active, passionate, dynamic · sacred vibration",High Frequency,2026-05-11T11:12:43.993088
https://schema.org,CreativeWork,SAN-0711,Adigata,adigata,Shanta,124.1,['Ashlesha'],Mercury,Sarpas,Tamas,Parivartana (transformation),Shankara,Oṁ adigataya namaḥ,"peace, tranquility, stillness · stable, inert, grounded · sacred vibration",Medium Frequency,2026-05-11T11:12:43.993100
https://schema.org,CreativeWork,SAN-0712,Svalaya,svalaya,Shringara,125.8,['Magha'],Ketu,Pitrs,Sattva,Paitṛka (ancestral),Todi,Oṁ svalayaya namaḥ,"love, beauty, devotion · pure, harmonious, balanced · sacred vibration",High Frequency,2026-05-11T11:12:43.993114
https://schema.org,CreativeWork,SAN-0713,Paragata,paragata,Hasya,127.6,['Purva Phalguni'],Venus,Bhaga,Rajas,Parivartana (transformation),Ahir Bhairav,Oṁ paragataya namaḥ,"laughter, joy, mirth · active, passionate, dynamic · sacred vibration",Medium Frequency,2026-05-11T11:12:43.993126
https://schema.org,CreativeWork,SAN-0714,Atmarupa,atmarupa,Karuna,129.5,['Uttara Phalguni'],Sun,Aryaman,Tamas,Pauṣṭi (nourishment),Bhairav,Oṁ atmarupaya namaḥ,"compassion, mercy, empathy · stable, inert, grounded · sacred vibration",Medium Frequency,2026-05-11T11:12:43.993138
https://schema.org,CreativeWork,SAN-0715,Vedakara,vedakara,Raudra,131.8,['Hasta'],Moon,Savitr,Sattva,Maitrī (friendship),Khamaj,Oṁ vedakaraya namaḥ,"fury, anger, intensity · pure, harmonious, balanced · sacred vibration",High Frequency,2026-05-11T11:12:43.993150
https://schema.org,CreativeWork,SAN-0716,Pranasara,pranasara,Vira,133.7,['Chitra'],Mars,Vishwakarma,Rajas,Saṃkṣobha (transformation),Bhimpalasi,Oṁ pranasaraya namaḥ,"heroism, courage, valor · active, passionate, dynamic · sacred vibration",Deep Frequency,2026-05-11T11:12:43.993165
https://schema.org,CreativeWork,SAN-0717,Svananda,svananda,Bhayanaka,136.1,['Swati'],Rahu,Vayu,Tamas,Maitrī (friendship),Bhimpalasi,Oṁ svanandaya namaḥ,"fear, terror, awe · stable, inert, grounded · sacred vibration",Medium Frequency,2026-05-11T11:12:43.993177
https://schema.org,CreativeWork,SAN-0718,Svalaya,svalaya,Bibhatsa,138.4,['Vishakha'],Jupiter,Indra-Agni,Sattva,Saṃkṣobha (transformation),Yaman,Oṁ svalayaya namaḥ,"aversion, disgust, repulsion · pure, harmonious, balanced · sacred vibration",High Frequency,2026-05-11T11:12:43.993191
https://schema.org,CreativeWork,SAN-0719,Svasthiti,svasthiti,Adbhuta,139.9,['Anuradha'],Saturn,Mitra,Rajas,Śilpa (art),Rageshri,Oṁ svasthitiye namaḥ,"wonder, amazement, curiosity · active, passionate, dynamic · sacred vibration",High Frequency,2026-05-11T11:12:43.993205
https://schema.org,CreativeWork,SAN-0720,Vedarupa,vedarupa,Shanta,142.3,['Jyeshtha'],Mercury,Indra,Tamas,Vijaya (victory),Todi,Oṁ vedarupaya namaḥ,"peace, tranquility, stillness · stable, inert, grounded · sacred vibration",High Frequency,2026-05-11T11:12:43.993217
https://schema.org,CreativeWork,SAN-0721,Paratva,paratva,Shringara,144.3,['Mula'],Ketu,Nirriti,Sattva,Mūla śodhana (root),Marwa,Oṁ paratvaya namaḥ,"love, beauty, devotion · pure, harmonious, balanced · sacred vibration",High Frequency,2026-05-11T11:12:43.993230
https://schema.org,CreativeWork,SAN-0722,Atmasthiti,atmasthiti,Hasya,146.0,['Purva Ashadha'],Venus,Apas,Rajas,Śodhana (purification),Shankara,Oṁ atmasthitiye namaḥ,"laughter, joy, mirth · active, passionate, dynamic · sacred vibration",High Frequency,2026-05-11T11:12:43.993242
https://schema.org,CreativeWork,SAN-0723,Svasara,svasara,Karuna,147.5,['Uttara Ashadha'],Sun,Vishvedevas,Tamas,Ārogya (healing),Marwa,Oṁ svasaraya namaḥ,"compassion, mercy, empathy · stable, inert, grounded · sacred vibration",Deep Frequency,2026-05-11T11:12:43.993255
https://schema.org,CreativeWork,SAN-0724,Brahmakara,brahmakara,Raudra,149.9,['Shravana'],Moon,Vishnu,Sattva,Mūla śodhana (root),Shankara,Oṁ brahmakaraya namaḥ,"fury, anger, intensity · pure, harmonious, balanced · sacred vibration",Deep Frequency,2026-05-11T11:12:43.993269
https://schema.org,CreativeWork,SAN-0725,Mahamaya,mahamaya,Vira,151.7,['Dhanishtha'],Mars,Vasus,Rajas,Saṃkṣobha (transformation),Yaman,Oṁ mahamayaya namaḥ,"heroism, courage, valor · active, passionate, dynamic · sacred vibration",Deep Frequency,2026-05-11T11:12:43.993281
https://schema.org,CreativeWork,SAN-0726,Chitrupa,chitrupa,Bhayanaka,154.5,['Shatabhisha'],Rahu,Varuna,Tamas,Maitrī (friendship),Bageshree,Oṁ chitrupaya namaḥ,"fear, terror, awe · stable, inert, grounded · sacred vibration",Deep Frequency,2026-05-11T11:12:43.993293
https://schema.org,CreativeWork,SAN-0727,Mahatva,mahatva,Bibhatsa,156.2,['Purva Bhadrapada'],Jupiter,Aja Ekapada,Sattva,Navīkaraṇa (renewal),Hamsadhwani,Oṁ mahatvaya namaḥ,"aversion, disgust, repulsion · pure, harmonious, balanced · sacred vibration",High Frequency,2026-05-11T11:12:43.993305
https://schema.org,CreativeWork,SAN-0728,Chitrupa,chitrupa,Adbhuta,158.1,['Uttara Bhadrapada'],Saturn,Ahirbudhnya,Rajas,Mūla śodhana (root),Khamaj,Oṁ chitrupaya namaḥ,"wonder, amazement, curiosity · active, passionate, dynamic · sacred vibration",High Frequency,2026-05-11T11:12:43.993321
https://schema.org,CreativeWork,SAN-0729,Parasthiti,parasthiti,Shanta,159.9,['Revati'],Mercury,Pushan,Tamas,Paitṛka (ancestral),Puriya Dhanashree,Oṁ parasthitiye namaḥ,"peace, tranquility, stillness · stable, inert, grounded · sacred vibration",High Frequency,2026-05-11T11:12:43.993333
https://schema.org,CreativeWork,SAN-0730,Mahapada,mahapada,Shringara,107.9,['Ashwini'],Ketu,Ashwini Kumaras,Sattva,Śilpa (art),Bhimpalasi,Oṁ mahapadaya namaḥ,"love, beauty, devotion · pure, harmonious, balanced · sacred vibration",High Frequency,2026-05-11T11:12:43.993346
https://schema.org,CreativeWork,SAN-0731,Mahapada,mahapada,Hasya,109.9,['Bharani'],Venus,Yama,Rajas,Mūla śodhana (root),Puriya Dhanashree,Oṁ mahapadaya namaḥ,"laughter, joy, mirth · active, passionate, dynamic · sacred vibration",High Frequency,2026-05-11T11:12:43.993358
https://schema.org,CreativeWork,SAN-0732,Paratva,paratva,Karuna,111.6,['Krittika'],Sun,Agni,Tamas,Ārogya (healing),Yaman,Oṁ paratvaya namaḥ,"compassion, mercy, empathy · stable, inert, grounded · sacred vibration",Deep Frequency,2026-05-11T11:12:43.993370
https://schema.org,CreativeWork,SAN-0733,Chitnanda,chitnanda,Raudra,114.1,['Rohini'],Moon,Prajapati,Sattva,Mūla śodhana (root),Hamsadhwani,Oṁ chitnandaya namaḥ,"fury, anger, intensity · pure, harmonious, balanced · sacred vibration",Deep Frequency,2026-05-11T11:12:43.993382
https://schema.org,CreativeWork,SAN-0734,Atmananda,atmananda,Vira,116.1,['Mrigashira'],Mars,Soma,Rajas,Pauṣṭi (nourishment),Rageshri,Oṁ atmanandaya namaḥ,"heroism, courage, valor · active, passionate, dynamic · sacred vibration",High Frequency,2026-05-11T11:12:43.993394
https://schema.org,CreativeWork,SAN-0735,Adinanda,adinanda,Bhayanaka,117.8,['Ardra'],Rahu,Rudra,Tamas,Navīkaraṇa (renewal),Bhoop,Oṁ adinandaya namaḥ,"fear, terror, awe · stable, inert, grounded · sacred vibration",Medium Frequency,2026-05-11T11:12:43.993406
https://schema.org,CreativeWork,SAN-0736,Mahananda,mahananda,Bibhatsa,119.8,['Punarvasu'],Jupiter,Aditi,Sattva,Śravaṇa (learning),Puriya Dhanashree,Oṁ mahanandaya namaḥ,"aversion, disgust, repulsion · pure, harmonious, balanced · sacred vibration",High Frequency,2026-05-11T11:12:43.993419
https://schema.org,CreativeWork,SAN-0737,Brahmatva,brahmatva,Adbhuta,122.1,['Pushya'],Saturn,Brihaspati,Rajas,Ārogya (healing),Todi,Oṁ brahmatvaya namaḥ,"wonder, amazement, curiosity · active, passionate, dynamic · sacred vibration",Medium Frequency,2026-05-11T11:12:43.993432
https://schema.org,CreativeWork,SAN-0738,Vedamaya,vedamaya,Shanta,124.3,['Ashlesha'],Mercury,Sarpas,Tamas,Kauśala (creativity),Yaman,Oṁ vedamayaya namaḥ,"peace, tranquility, stillness · stable, inert, grounded · sacred vibration",Medium Frequency,2026-05-11T11:12:43.993446
https://schema.org,CreativeWork,SAN-0739,Pranakara,pranakara,Shringara,126.1,['Magha'],Ketu,Pitrs,Sattva,Dhana (wealth),Malkauns,Oṁ pranakaraya namaḥ,"love, beauty, devotion · pure, harmonious, balanced · sacred vibration",High Frequency,2026-05-11T11:12:43.993460
https://schema.org,CreativeWork,SAN-0740,Atmasara,atmasara,Hasya,128.1,['Purva Phalguni'],Venus,Bhaga,Rajas,Maitrī (friendship),Kafi,Oṁ atmasaraya namaḥ,"laughter, joy, mirth · active, passionate, dynamic · sacred vibration",High Frequency,2026-05-11T11:12:43.993473
https://schema.org,CreativeWork,SAN-0741,Anandakara,anandakara,Karuna,129.6,['Uttara Phalguni'],Sun,Aryaman,Tamas,Śilpa (art),Yaman,Oṁ anandakaraya namaḥ,"compassion, mercy, empathy · stable, inert, grounded · sacred vibration",Medium Frequency,2026-05-11T11:12:43.993486
https://schema.org,CreativeWork,SAN-0742,Svapada,svapada,Raudra,132.0,['Hasta'],Moon,Savitr,Sattva,Śilpa (art),Puriya Dhanashree,Oṁ svapadaya namaḥ,"fury, anger, intensity · pure, harmonious, balanced · sacred vibration",High Frequency,2026-05-11T11:12:43.993498
https://schema.org,CreativeWork,SAN-0743,Brahmasthiti,brahmasthiti,Vira,134.4,['Chitra'],Mars,Vishwakarma,Rajas,Paitṛka (ancestral),Shankara,Oṁ brahmasthitiye namaḥ,"heroism, courage, valor · active, passionate, dynamic · sacred vibration",Medium Frequency,2026-05-11T11:12:43.993511
https://schema.org,CreativeWork,SAN-0744,Mahalaya,mahalaya,Bhayanaka,136.2,['Swati'],Rahu,Vayu,Tamas,Vaivāhika (marriage),Hamsadhwani,Oṁ mahalayaya namaḥ,"fear, terror, awe · stable, inert, grounded · sacred vibration",High Frequency,2026-05-11T11:12:43.993523
https://schema.org,CreativeWork,SAN-0745,Anandatva,anandatva,Bibhatsa,138.0,['Vishakha'],Jupiter,Indra-Agni,Sattva,Śuddhi (purification),Yaman,Oṁ anandatvaya namaḥ,"aversion, disgust, repulsion · pure, harmonious, balanced · sacred vibration",Deep Frequency,2026-05-11T11:12:43.993539
https://schema.org,CreativeWork,SAN-0746,Pranasthiti,pranasthiti,Adbhuta,139.5,['Anuradha'],Saturn,Mitra,Rajas,Paitṛka (ancestral),Kafi,Oṁ pranasthitiye namaḥ,"wonder, amazement, curiosity · active, passionate, dynamic · sacred vibration",Medium Frequency,2026-05-11T11:12:43.993551
https://schema.org,CreativeWork,SAN-0747,Anandananda,anandananda,Shanta,142.4,['Jyeshtha'],Mercury,Indra,Tamas,Kauśala (creativity),Khamaj,Oṁ anandanandaya namaḥ,"peace, tranquility, stillness · stable, inert, grounded · sacred vibration",Medium Frequency,2026-05-11T11:12:43.993565
https://schema.org,CreativeWork,SAN-0748,Anandapada,anandapada,Shringara,143.6,['Mula'],Ketu,Nirriti,Sattva,Śuddhi (purification),Bageshree,Oṁ anandapadaya namaḥ,"love, beauty, devotion · pure, harmonious, balanced · sacred vibration",High Frequency,2026-05-11T11:12:43.993579
https://schema.org,CreativeWork,SAN-0749,Vedarupa,vedarupa,Hasya,145.9,['Purva Ashadha'],Venus,Apas,Rajas,Nāyakatva (leadership),Puriya Dhanashree,Oṁ vedarupaya namaḥ,"laughter, joy, mirth · active, passionate, dynamic · sacred vibration",Medium Frequency,2026-05-11T11:12:43.993591
https://schema.org,CreativeWork,SAN-0750,Vedarupa,vedarupa,Karuna,147.8,['Uttara Ashadha'],Sun,Vishvedevas,Tamas,Kauśala (creativity),Khamaj,Oṁ vedarupaya namaḥ,"compassion, mercy, empathy · stable, inert, grounded · sacred vibration",Deep Frequency,2026-05-11T11:12:43.993605
https://schema.org,CreativeWork,SAN-0751,Vedagata,vedagata,Raudra,149.6,['Shravana'],Moon,Vishnu,Sattva,Pauṣṭi (nourishment),Malkauns,Oṁ vedagataya namaḥ,"fury, anger, intensity · pure, harmonious, balanced · sacred vibration",Deep Frequency,2026-05-11T11:12:43.993617
https://schema.org,CreativeWork,SAN-0752,Chittva,chittva,Vira,152.3,['Dhanishtha'],Mars,Vasus,Rajas,Nāyakatva (leadership),Bhimpalasi,Oṁ chittvaya namaḥ,"heroism, courage, valor · active, passionate, dynamic · sacred vibration",High Frequency,2026-05-11T11:12:43.993633
https://schema.org,CreativeWork,SAN-0753,Vedamaya,vedamaya,Bhayanaka,153.7,['Shatabhisha'],Rahu,Varuna,Tamas,Kuṇḍalinī (healing),Kafi,Oṁ vedamayaya namaḥ,"fear, terror, awe · stable, inert, grounded · sacred vibration",Deep Frequency,2026-05-11T11:12:43.993646
https://schema.org,CreativeWork,SAN-0754,Atmasara,atmasara,Bibhatsa,156.0,['Purva Bhadrapada'],Jupiter,Aja Ekapada,Sattva,Nāyakatva (leadership),Shankara,Oṁ atmasaraya namaḥ,"aversion, disgust, repulsion · pure, harmonious, balanced · sacred vibration",High Frequency,2026-05-11T11:12:43.993658
https://schema.org,CreativeWork,SAN-0755,Adirupa,adirupa,Adbhuta,158.4,['Uttara Bhadrapada'],Saturn,Ahirbudhnya,Rajas,Parivartana (transformation),Kafi,Oṁ adirupaya namaḥ,"wonder, amazement, curiosity · active, passionate, dynamic · sacred vibration",High Frequency,2026-05-11T11:12:43.993670
https://schema.org,CreativeWork,SAN-0756,Vedasthiti,vedasthiti,Shanta,160.0,['Revati'],Mercury,Pushan,Tamas,Dhana (wealth),Marwa,Oṁ vedasthitiye namaḥ,"peace, tranquility, stillness · stable, inert, grounded · sacred vibration",Deep Frequency,2026-05-11T11:12:43.993682
https://schema.org,CreativeWork,SAN-0757,Chitkara,chitkara,Shringara,108.1,['Ashwini'],Ketu,Ashwini Kumaras,Sattva,Kauśala (creativity),Yaman,Oṁ chitkaraya namaḥ,"love, beauty, devotion · pure, harmonious, balanced · sacred vibration",High Frequency,2026-05-11T11:12:43.993695
https://schema.org,CreativeWork,SAN-0758,Pranagata,pranagata,Hasya,109.6,['Bharani'],Venus,Yama,Rajas,Saṃkṣobha (transformation),Bageshree,Oṁ pranagataya namaḥ,"laughter, joy, mirth · active, passionate, dynamic · sacred vibration",Medium Frequency,2026-05-11T11:12:43.993708
https://schema.org,CreativeWork,SAN-0759,Vedamaya,vedamaya,Karuna,111.7,['Krittika'],Sun,Agni,Tamas,Svātantrya (freedom),Ahir Bhairav,Oṁ vedamayaya namaḥ,"compassion, mercy, empathy · stable, inert, grounded · sacred vibration",Medium Frequency,2026-05-11T11:12:43.993721
https://schema.org,CreativeWork,SAN-0760,Mahapada,mahapada,Raudra,113.7,['Rohini'],Moon,Prajapati,Sattva,Saṃkṣobha (transformation),Bageshree,Oṁ mahapadaya namaḥ,"fury, anger, intensity · pure, harmonious, balanced · sacred vibration",Deep Frequency,2026-05-11T11:12:43.993733
https://schema.org,CreativeWork,SAN-0761,Vedasara,vedasara,Vira,115.6,['Mrigashira'],Mars,Soma,Rajas,Parivartana (transformation),Hamsadhwani,Oṁ vedasaraya namaḥ,"heroism, courage, valor · active, passionate, dynamic · sacred vibration",Deep Frequency,2026-05-11T11:12:43.993747
https://schema.org,CreativeWork,SAN-0762,Chitpada,chitpada,Bhayanaka,118.4,['Ardra'],Rahu,Rudra,Tamas,Mūla śodhana (root),Marwa,Oṁ chitpadaya namaḥ,"fear, terror, awe · stable, inert, grounded · sacred vibration",High Frequency,2026-05-11T11:12:43.993761
https://schema.org,CreativeWork,SAN-0763,Mahamaya,mahamaya,Bibhatsa,119.9,['Punarvasu'],Jupiter,Aditi,Sattva,Saṃvedana (intuition),Ahir Bhairav,Oṁ mahamayaya namaḥ,"aversion, disgust, repulsion · pure, harmonious, balanced · sacred vibration",Medium Frequency,2026-05-11T11:12:43.993774
https://schema.org,CreativeWork,SAN-0764,Anandalaya,anandalaya,Adbhuta,121.7,['Pushya'],Saturn,Brihaspati,Rajas,Saṃvedana (intuition),Darbari,Oṁ anandalayaya namaḥ,"wonder, amazement, curiosity · active, passionate, dynamic · sacred vibration",Medium Frequency,2026-05-11T11:12:43.993786
https://schema.org,CreativeWork,SAN-0765,Maharupa,maharupa,Shanta,123.7,['Ashlesha'],Mercury,Sarpas,Tamas,Vaivāhika (marriage),Marwa,Oṁ maharupaya namaḥ,"peace, tranquility, stillness · stable, inert, grounded · sacred vibration",Medium Frequency,2026-05-11T11:12:43.993798
https://schema.org,CreativeWork,SAN-0766,Brahmarupa,brahmarupa,Shringara,126.0,['Magha'],Ketu,Pitrs,Sattva,Nāyakatva (leadership),Marwa,Oṁ brahmarupaya namaḥ,"love, beauty, devotion · pure, harmonious, balanced · sacred vibration",Deep Frequency,2026-05-11T11:12:43.993809
https://schema.org,CreativeWork,SAN-0767,Brahmapada,brahmapada,Hasya,128.5,['Purva Phalguni'],Venus,Bhaga,Rajas,Vijaya (victory),Puriya Dhanashree,Oṁ brahmapadaya namaḥ,"laughter, joy, mirth · active, passionate, dynamic · sacred vibration",High Frequency,2026-05-11T11:12:43.993822
https://schema.org,CreativeWork,SAN-0768,Paratva,paratva,Karuna,130.4,['Uttara Phalguni'],Sun,Aryaman,Tamas,Saṃvedana (intuition),Bhimpalasi,Oṁ paratvaya namaḥ,"compassion, mercy, empathy · stable, inert, grounded · sacred vibration",Deep Frequency,2026-05-11T11:12:43.993835
https://schema.org,CreativeWork,SAN-0769,Chitgata,chitgata,Raudra,131.8,['Hasta'],Moon,Savitr,Sattva,Śuddhi (purification),Rageshri,Oṁ chitgataya namaḥ,"fury, anger, intensity · pure, harmonious, balanced · sacred vibration",High Frequency,2026-05-11T11:12:43.993848
https://schema.org,CreativeWork,SAN-0770,Svananda,svananda,Vira,134.4,['Chitra'],Mars,Vishwakarma,Rajas,Maitrī (friendship),Malkauns,Oṁ svanandaya namaḥ,"heroism, courage, valor · active, passionate, dynamic · sacred vibration",Medium Frequency,2026-05-11T11:12:43.993860
https://schema.org,CreativeWork,SAN-0771,Parananda,parananda,Bhayanaka,135.7,['Swati'],Rahu,Vayu,Tamas,Paitṛka (ancestral),Puriya Dhanashree,Oṁ paranandaya namaḥ,"fear, terror, awe · stable, inert, grounded · sacred vibration",Deep Frequency,2026-05-11T11:12:43.993872
https://schema.org,CreativeWork,SAN-0772,Chittva,chittva,Bibhatsa,138.1,['Vishakha'],Jupiter,Indra-Agni,Sattva,Saṃkṣobha (transformation),Rageshri,Oṁ chittvaya namaḥ,"aversion, disgust, repulsion · pure, harmonious, balanced · sacred vibration",Medium Frequency,2026-05-11T11:12:43.993885
https://schema.org,CreativeWork,SAN-0773,Svatva,svatva,Adbhuta,140.2,['Anuradha'],Saturn,Mitra,Rajas,Śravaṇa (learning),Marwa,Oṁ svatvaya namaḥ,"wonder, amazement, curiosity · active, passionate, dynamic · sacred vibration",High Frequency,2026-05-11T11:12:43.993899
https://schema.org,CreativeWork,SAN-0774,Brahmananda,brahmananda,Shanta,141.8,['Jyeshtha'],Mercury,Indra,Tamas,Saṃkṣobha (transformation),Rageshri,Oṁ brahmanandaya namaḥ,"peace, tranquility, stillness · stable, inert, grounded · sacred vibration",High Frequency,2026-05-11T11:12:43.993912
https://schema.org,CreativeWork,SAN-0775,Adirupa,adirupa,Shringara,143.6,['Mula'],Ketu,Nirriti,Sattva,Kuṇḍalinī (healing),Darbari,Oṁ adirupaya namaḥ,"love, beauty, devotion · pure, harmonious, balanced · sacred vibration",High Frequency,2026-05-11T11:12:43.993924
https://schema.org,CreativeWork,SAN-0776,Chitnanda,chitnanda,Hasya,145.9,['Purva Ashadha'],Venus,Apas,Rajas,Mūla śodhana (root),Rageshri,Oṁ chitnandaya namaḥ,"laughter, joy, mirth · active, passionate, dynamic · sacred vibration",High Frequency,2026-05-11T11:12:43.993940
https://schema.org,CreativeWork,SAN-0777,Adimaya,adimaya,Karuna,147.6,['Uttara Ashadha'],Sun,Vishvedevas,Tamas,Pauṣṭi (nourishment),Darbari,Oṁ adimayaya namaḥ,"compassion, mercy, empathy · stable, inert, grounded · sacred vibration",Medium Frequency,2026-05-11T11:12:43.993954
https://schema.org,CreativeWork,SAN-0778,Atmarupa,atmarupa,Raudra,150.1,['Shravana'],Moon,Vishnu,Sattva,Śilpa (art),Brindavani Sarang,Oṁ atmarupaya namaḥ,"fury, anger, intensity · pure, harmonious, balanced · sacred vibration",Medium Frequency,2026-05-11T11:12:43.993968
https://schema.org,CreativeWork,SAN-0779,Atmarupa,atmarupa,Vira,152.4,['Dhanishtha'],Mars,Vasus,Rajas,Śodhana (purification),Bhoop,Oṁ atmarupaya namaḥ,"heroism, courage, valor · active, passionate, dynamic · sacred vibration",Medium Frequency,2026-05-11T11:12:43.993982
https://schema.org,CreativeWork,SAN-0780,Brahmalaya,brahmalaya,Bhayanaka,154.2,['Shatabhisha'],Rahu,Varuna,Tamas,Mūla śodhana (root),Rageshri,Oṁ brahmalayaya namaḥ,"fear, terror, awe · stable, inert, grounded · sacred vibration",High Frequency,2026-05-11T11:12:43.993995
https://schema.org,CreativeWork,SAN-0781,Adirupa,adirupa,Bibhatsa,156.4,['Purva Bhadrapada'],Jupiter,Aja Ekapada,Sattva,Saṃkṣobha (transformation),Puriya Dhanashree,Oṁ adirupaya namaḥ,"aversion, disgust, repulsion · pure, harmonious, balanced · sacred vibration",High Frequency,2026-05-11T11:12:43.994008
https://schema.org,CreativeWork,SAN-0782,Adilaya,adilaya,Adbhuta,157.7,['Uttara Bhadrapada'],Saturn,Ahirbudhnya,Rajas,Navīkaraṇa (renewal),Puriya Dhanashree,Oṁ adilayaya namaḥ,"wonder, amazement, curiosity · active, passionate, dynamic · sacred vibration",Deep Frequency,2026-05-11T11:12:43.994020
https://schema.org,CreativeWork,SAN-0783,Pranagata,pranagata,Shanta,160.4,['Revati'],Mercury,Pushan,Tamas,Vaivāhika (marriage),Todi,Oṁ pranagataya namaḥ,"peace, tranquility, stillness · stable, inert, grounded · sacred vibration",Deep Frequency,2026-05-11T11:12:43.994032
https://schema.org,CreativeWork,SAN-0784,Paralaya,paralaya,Shringara,107.9,['Ashwini'],Ketu,Ashwini Kumaras,Sattva,Maitrī (friendship),Todi,Oṁ paralayaya namaḥ,"love, beauty, devotion · pure, harmonious, balanced · sacred vibration",Medium Frequency,2026-05-11T11:12:43.994044
https://schema.org,CreativeWork,SAN-0785,Adipada,adipada,Hasya,109.6,['Bharani'],Venus,Yama,Rajas,Saṃkṣobha (transformation),Kafi,Oṁ adipadaya namaḥ,"laughter, joy, mirth · active, passionate, dynamic · sacred vibration",Medium Frequency,2026-05-11T11:12:43.994059
https://schema.org,CreativeWork,SAN-0786,Parananda,parananda,Karuna,112.0,['Krittika'],Sun,Agni,Tamas,Śakti (power),Khamaj,Oṁ paranandaya namaḥ,"compassion, mercy, empathy · stable, inert, grounded · sacred vibration",Medium Frequency,2026-05-11T11:12:43.994072
https://schema.org,CreativeWork,SAN-0787,Vedatva,vedatva,Raudra,114.1,['Rohini'],Moon,Prajapati,Sattva,Śilpa (art),Bhairav,Oṁ vedatvaya namaḥ,"fury, anger, intensity · pure, harmonious, balanced · sacred vibration",High Frequency,2026-05-11T11:12:43.994084
https://schema.org,CreativeWork,SAN-0788,Adilaya,adilaya,Vira,116.4,['Mrigashira'],Mars,Soma,Rajas,Saṃkṣobha (transformation),Desh,Oṁ adilayaya namaḥ,"heroism, courage, valor · active, passionate, dynamic · sacred vibration",High Frequency,2026-05-11T11:12:43.994097
https://schema.org,CreativeWork,SAN-0789,Svarupa,svarupa,Bhayanaka,118.2,['Ardra'],Rahu,Rudra,Tamas,Mūla śodhana (root),Shankara,Oṁ svarupaya namaḥ,"fear, terror, awe · stable, inert, grounded · sacred vibration",High Frequency,2026-05-11T11:12:43.994109
https://schema.org,CreativeWork,SAN-0790,Paragata,paragata,Bibhatsa,120.0,['Punarvasu'],Jupiter,Aditi,Sattva,Kuṇḍalinī (healing),Todi,Oṁ paragataya namaḥ,"aversion, disgust, repulsion · pure, harmonious, balanced · sacred vibration",High Frequency,2026-05-11T11:12:43.994122
https://schema.org,CreativeWork,SAN-0791,Parakara,parakara,Adbhuta,122.0,['Pushya'],Saturn,Brihaspati,Rajas,Śakti (power),Khamaj,Oṁ parakaraya namaḥ,"wonder, amazement, curiosity · active, passionate, dynamic · sacred vibration",Medium Frequency,2026-05-11T11:12:43.994134
https://schema.org,CreativeWork,SAN-0792,Brahmasara,brahmasara,Shanta,123.6,['Ashlesha'],Mercury,Sarpas,Tamas,Pauṣṭi (nourishment),Bhairav,Oṁ brahmasaraya namaḥ,"peace, tranquility, stillness · stable, inert, grounded · sacred vibration",High Frequency,2026-05-11T11:12:43.994146
https://schema.org,CreativeWork,SAN-0793,Anandapada,anandapada,Shringara,125.9,['Magha'],Ketu,Pitrs,Sattva,Dhana (wealth),Puriya Dhanashree,Oṁ anandapadaya namaḥ,"love, beauty, devotion · pure, harmonious, balanced · sacred vibration",High Frequency,2026-05-11T11:12:43.994158
https://schema.org,CreativeWork,SAN-0794,Atmatva,atmatva,Hasya,127.8,['Purva Phalguni'],Venus,Bhaga,Rajas,Śodhana (purification),Desh,Oṁ atmatvaya namaḥ,"laughter, joy, mirth · active, passionate, dynamic · sacred vibration",High Frequency,2026-05-11T11:12:43.994170
https://schema.org,CreativeWork,SAN-0795,Atmarupa,atmarupa,Karuna,129.9,['Uttara Phalguni'],Sun,Aryaman,Tamas,Śravaṇa (learning),Bhoop,Oṁ atmarupaya namaḥ,"compassion, mercy, empathy · stable, inert, grounded · sacred vibration",Deep Frequency,2026-05-11T11:12:43.994183
https://schema.org,CreativeWork,SAN-0796,Anandarupa,anandarupa,Raudra,132.4,['Hasta'],Moon,Savitr,Sattva,Dhana (wealth),Rageshri,Oṁ anandarupaya namaḥ,"fury, anger, intensity · pure, harmonious, balanced · sacred vibration",Deep Frequency,2026-05-11T11:12:43.994195
https://schema.org,CreativeWork,SAN-0797,Vedagata,vedagata,Vira,134.0,['Chitra'],Mars,Vishwakarma,Rajas,Śuddhi (purification),Bageshree,Oṁ vedagataya namaḥ,"heroism, courage, valor · active, passionate, dynamic · sacred vibration",Deep Frequency,2026-05-11T11:12:43.994209
https://schema.org,CreativeWork,SAN-0798,Vedamaya,vedamaya,Bhayanaka,136.5,['Swati'],Rahu,Vayu,Tamas,Kauśala (creativity),Bageshree,Oṁ vedamayaya namaḥ,"fear, terror, awe · stable, inert, grounded · sacred vibration",Deep Frequency,2026-05-11T11:12:43.994223
https://schema.org,CreativeWork,SAN-0799,Chitsara,chitsara,Bibhatsa,138.3,['Vishakha'],Jupiter,Indra-Agni,Sattva,Śilpa (art),Bhimpalasi,Oṁ chitsaraya namaḥ,"aversion, disgust, repulsion · pure, harmonious, balanced · sacred vibration",Deep Frequency,2026-05-11T11:12:43.994236
https://schema.org,CreativeWork,SAN-0800,Brahmananda,brahmananda,Adbhuta,140.0,['Anuradha'],Saturn,Mitra,Rajas,Pauṣṭi (nourishment),Desh,Oṁ brahmanandaya namaḥ,"wonder, amazement, curiosity · active, passionate, dynamic · sacred vibration",High Frequency,2026-05-11T11:12:43.994248
https://schema.org,CreativeWork,SAN-0801,Svatva,svatva,Shanta,142.3,['Jyeshtha'],Mercury,Indra,Tamas,Śuddhi (purification),Rageshri,Oṁ svatvaya namaḥ,"peace, tranquility, stillness · stable, inert, grounded · sacred vibration",Medium Frequency,2026-05-11T11:12:43.994373
https://schema.org,CreativeWork,SAN-0802,Vedarupa,vedarupa,Shringara,144.2,['Mula'],Ketu,Nirriti,Sattva,Śuddhi (purification),Shankara,Oṁ vedarupaya namaḥ,"love, beauty, devotion · pure, harmonious, balanced · sacred vibration",Medium Frequency,2026-05-11T11:12:43.994388
https://schema.org,CreativeWork,SAN-0803,Vedarupa,vedarupa,Hasya,145.9,['Purva Ashadha'],Venus,Apas,Rajas,Maitrī (friendship),Puriya Dhanashree,Oṁ vedarupaya namaḥ,"laughter, joy, mirth · active, passionate, dynamic · sacred vibration",Deep Frequency,2026-05-11T11:12:43.994401
https://schema.org,CreativeWork,SAN-0804,Adirupa,adirupa,Karuna,148.0,['Uttara Ashadha'],Sun,Vishvedevas,Tamas,Śilpa (art),Bhimpalasi,Oṁ adirupaya namaḥ,"compassion, mercy, empathy · stable, inert, grounded · sacred vibration",High Frequency,2026-05-11T11:12:43.994414
https://schema.org,CreativeWork,SAN-0805,Mahananda,mahananda,Raudra,150.4,['Shravana'],Moon,Vishnu,Sattva,Vijaya (victory),Bhairav,Oṁ mahanandaya namaḥ,"fury, anger, intensity · pure, harmonious, balanced · sacred vibration",Deep Frequency,2026-05-11T11:12:43.994427
https://schema.org,CreativeWork,SAN-0806,Svakara,svakara,Vira,152.2,['Dhanishtha'],Mars,Vasus,Rajas,Vaivāhika (marriage),Yaman,Oṁ svakaraya namaḥ,"heroism, courage, valor · active, passionate, dynamic · sacred vibration",Deep Frequency,2026-05-11T11:12:43.994439
https://schema.org,CreativeWork,SAN-0807,Atmananda,atmananda,Bhayanaka,153.9,['Shatabhisha'],Rahu,Varuna,Tamas,Śakti (power),Kafi,Oṁ atmanandaya namaḥ,"fear, terror, awe · stable, inert, grounded · sacred vibration",Medium Frequency,2026-05-11T11:12:43.994452
https://schema.org,CreativeWork,SAN-0808,Svarupa,svarupa,Bibhatsa,155.7,['Purva Bhadrapada'],Jupiter,Aja Ekapada,Sattva,Mūla śodhana (root),Bageshree,Oṁ svarupaya namaḥ,"aversion, disgust, repulsion · pure, harmonious, balanced · sacred vibration",Medium Frequency,2026-05-11T11:12:43.994466
https://schema.org,CreativeWork,SAN-0809,Paramaya,paramaya,Adbhuta,157.8,['Uttara Bhadrapada'],Saturn,Ahirbudhnya,Rajas,Parivartana (transformation),Rageshri,Oṁ paramayaya namaḥ,"wonder, amazement, curiosity · active, passionate, dynamic · sacred vibration",Medium Frequency,2026-05-11T11:12:43.994481
https://schema.org,CreativeWork,SAN-0810,Atmapada,atmapada,Shanta,160.4,['Revati'],Mercury,Pushan,Tamas,Parivartana (transformation),Yaman,Oṁ atmapadaya namaḥ,"peace, tranquility, stillness · stable, inert, grounded · sacred vibration",Deep Frequency,2026-05-11T11:12:43.994495
https://schema.org,CreativeWork,SAN-0811,Mahasara,mahasara,Shringara,108.1,['Ashwini'],Ketu,Ashwini Kumaras,Sattva,Vijaya (victory),Shankara,Oṁ mahasaraya namaḥ,"love, beauty, devotion · pure, harmonious, balanced · sacred vibration",Medium Frequency,2026-05-11T11:12:43.994507
https://schema.org,CreativeWork,SAN-0812,Parasara,parasara,Hasya,109.8,['Bharani'],Venus,Yama,Rajas,Vaivāhika (marriage),Darbari,Oṁ parasaraya namaḥ,"laughter, joy, mirth · active, passionate, dynamic · sacred vibration",High Frequency,2026-05-11T11:12:43.994524
https://schema.org,CreativeWork,SAN-0813,Mahalaya,mahalaya,Karuna,112.4,['Krittika'],Sun,Agni,Tamas,Parivartana (transformation),Yaman,Oṁ mahalayaya namaḥ,"compassion, mercy, empathy · stable, inert, grounded · sacred vibration",Medium Frequency,2026-05-11T11:12:43.994537
https://schema.org,CreativeWork,SAN-0814,Pranamaya,pranamaya,Raudra,114.3,['Rohini'],Moon,Prajapati,Sattva,Pauṣṭi (nourishment),Malkauns,Oṁ pranamayaya namaḥ,"fury, anger, intensity · pure, harmonious, balanced · sacred vibration",Deep Frequency,2026-05-11T11:12:43.994549
https://schema.org,CreativeWork,SAN-0815,Maharupa,maharupa,Vira,116.5,['Mrigashira'],Mars,Soma,Rajas,Vijaya (victory),Puriya Dhanashree,Oṁ maharupaya namaḥ,"heroism, courage, valor · active, passionate, dynamic · sacred vibration",Medium Frequency,2026-05-11T11:12:43.994562
https://schema.org,CreativeWork,SAN-0816,Vedalaya,vedalaya,Bhayanaka,117.6,['Ardra'],Rahu,Rudra,Tamas,Dhana (wealth),Ahir Bhairav,Oṁ vedalayaya namaḥ,"fear, terror, awe · stable, inert, grounded · sacred vibration",Deep Frequency,2026-05-11T11:12:43.994574
https://schema.org,CreativeWork,SAN-0817,Mahatva,mahatva,Bibhatsa,119.5,['Punarvasu'],Jupiter,Aditi,Sattva,Śakti (power),Brindavani Sarang,Oṁ mahatvaya namaḥ,"aversion, disgust, repulsion · pure, harmonious, balanced · sacred vibration",Medium Frequency,2026-05-11T11:12:43.994586
https://schema.org,CreativeWork,SAN-0818,Chitsara,chitsara,Adbhuta,121.8,['Pushya'],Saturn,Brihaspati,Rajas,Śodhana (purification),Todi,Oṁ chitsaraya namaḥ,"wonder, amazement, curiosity · active, passionate, dynamic · sacred vibration",High Frequency,2026-05-11T11:12:43.994600
https://schema.org,CreativeWork,SAN-0819,Chitkara,chitkara,Shanta,124.1,['Ashlesha'],Mercury,Sarpas,Tamas,Nāyakatva (leadership),Bhairav,Oṁ chitkaraya namaḥ,"peace, tranquility, stillness · stable, inert, grounded · sacred vibration",High Frequency,2026-05-11T11:12:43.994613
https://schema.org,CreativeWork,SAN-0820,Adimaya,adimaya,Shringara,125.5,['Magha'],Ketu,Pitrs,Sattva,Maitrī (friendship),Darbari,Oṁ adimayaya namaḥ,"love, beauty, devotion · pure, harmonious, balanced · sacred vibration",Medium Frequency,2026-05-11T11:12:43.994625
https://schema.org,CreativeWork,SAN-0821,Anandasthiti,anandasthiti,Hasya,127.5,['Purva Phalguni'],Venus,Bhaga,Rajas,Śakti (power),Khamaj,Oṁ anandasthitiye namaḥ,"laughter, joy, mirth · active, passionate, dynamic · sacred vibration",Deep Frequency,2026-05-11T11:12:43.994640
https://schema.org,CreativeWork,SAN-0822,Chitsthiti,chitsthiti,Karuna,130.4,['Uttara Phalguni'],Sun,Aryaman,Tamas,Śilpa (art),Khamaj,Oṁ chitsthitiye namaḥ,"compassion, mercy, empathy · stable, inert, grounded · sacred vibration",Deep Frequency,2026-05-11T11:12:43.994662
https://schema.org,CreativeWork,SAN-0823,Paralaya,paralaya,Raudra,132.0,['Hasta'],Moon,Savitr,Sattva,Kuṇḍalinī (healing),Bhimpalasi,Oṁ paralayaya namaḥ,"fury, anger, intensity · pure, harmonious, balanced · sacred vibration",Deep Frequency,2026-05-11T11:12:43.994675
https://schema.org,CreativeWork,SAN-0824,Anandasthiti,anandasthiti,Vira,133.6,['Chitra'],Mars,Vishwakarma,Rajas,Svātantrya (freedom),Yaman,Oṁ anandasthitiye namaḥ,"heroism, courage, valor · active, passionate, dynamic · sacred vibration",Medium Frequency,2026-05-11T11:12:43.994687
https://schema.org,CreativeWork,SAN-0825,Mahalaya,mahalaya,Bhayanaka,136.1,['Swati'],Rahu,Vayu,Tamas,Nāyakatva (leadership),Brindavani Sarang,Oṁ mahalayaya namaḥ,"fear, terror, awe · stable, inert, grounded · sacred vibration",Medium Frequency,2026-05-11T11:12:43.994700
https://schema.org,CreativeWork,SAN-0826,Mahamaya,mahamaya,Bibhatsa,137.7,['Vishakha'],Jupiter,Indra-Agni,Sattva,Mūla śodhana (root),Khamaj,Oṁ mahamayaya namaḥ,"aversion, disgust, repulsion · pure, harmonious, balanced · sacred vibration",Deep Frequency,2026-05-11T11:12:43.994714
https://schema.org,CreativeWork,SAN-0827,Anandatva,anandatva,Adbhuta,140.4,['Anuradha'],Saturn,Mitra,Rajas,Śodhana (purification),Kafi,Oṁ anandatvaya namaḥ,"wonder, amazement, curiosity · active, passionate, dynamic · sacred vibration",Medium Frequency,2026-05-11T11:12:43.994726
https://schema.org,CreativeWork,SAN-0828,Svatva,svatva,Shanta,141.9,['Jyeshtha'],Mercury,Indra,Tamas,Maitrī (friendship),Kafi,Oṁ svatvaya namaḥ,"peace, tranquility, stillness · stable, inert, grounded · sacred vibration",Deep Frequency,2026-05-11T11:12:43.994740
https://schema.org,CreativeWork,SAN-0829,Vedarupa,vedarupa,Shringara,143.7,['Mula'],Ketu,Nirriti,Sattva,Svātantrya (freedom),Kafi,Oṁ vedarupaya namaḥ,"love, beauty, devotion · pure, harmonious, balanced · sacred vibration",High Frequency,2026-05-11T11:12:43.994753
https://schema.org,CreativeWork,SAN-0830,Paratva,paratva,Hasya,146.0,['Purva Ashadha'],Venus,Apas,Rajas,Nāyakatva (leadership),Puriya Dhanashree,Oṁ paratvaya namaḥ,"laughter, joy, mirth · active, passionate, dynamic · sacred vibration",Medium Frequency,2026-05-11T11:12:43.994765
https://schema.org,CreativeWork,SAN-0831,Chitkara,chitkara,Karuna,148.2,['Uttara Ashadha'],Sun,Vishvedevas,Tamas,Mūla śodhana (root),Brindavani Sarang,Oṁ chitkaraya namaḥ,"compassion, mercy, empathy · stable, inert, grounded · sacred vibration",High Frequency,2026-05-11T11:12:43.994777
https://schema.org,CreativeWork,SAN-0832,Brahmarupa,brahmarupa,Raudra,149.7,['Shravana'],Moon,Vishnu,Sattva,Dhana (wealth),Brindavani Sarang,Oṁ brahmarupaya namaḥ,"fury, anger, intensity · pure, harmonious, balanced · sacred vibration",High Frequency,2026-05-11T11:12:43.994791
https://schema.org,CreativeWork,SAN-0833,Chitsthiti,chitsthiti,Vira,151.7,['Dhanishtha'],Mars,Vasus,Rajas,Kauśala (creativity),Rageshri,Oṁ chitsthitiye namaḥ,"heroism, courage, valor · active, passionate, dynamic · sacred vibration",Deep Frequency,2026-05-11T11:12:43.994804
https://schema.org,CreativeWork,SAN-0834,Pranananda,pranananda,Bhayanaka,154.0,['Shatabhisha'],Rahu,Varuna,Tamas,Saṃkṣobha (transformation),Brindavani Sarang,Oṁ prananandaya namaḥ,"fear, terror, awe · stable, inert, grounded · sacred vibration",High Frequency,2026-05-11T11:12:43.994817
https://schema.org,CreativeWork,SAN-0835,Mahagata,mahagata,Bibhatsa,155.5,['Purva Bhadrapada'],Jupiter,Aja Ekapada,Sattva,Pauṣṭi (nourishment),Khamaj,Oṁ mahagataya namaḥ,"aversion, disgust, repulsion · pure, harmonious, balanced · sacred vibration",Medium Frequency,2026-05-11T11:12:43.994830
https://schema.org,CreativeWork,SAN-0836,Adimaya,adimaya,Adbhuta,157.7,['Uttara Bhadrapada'],Saturn,Ahirbudhnya,Rajas,Saṃvedana (intuition),Todi,Oṁ adimayaya namaḥ,"wonder, amazement, curiosity · active, passionate, dynamic · sacred vibration",High Frequency,2026-05-11T11:12:43.994842
https://schema.org,CreativeWork,SAN-0837,Paratva,paratva,Shanta,159.6,['Revati'],Mercury,Pushan,Tamas,Parivartana (transformation),Desh,Oṁ paratvaya namaḥ,"peace, tranquility, stillness · stable, inert, grounded · sacred vibration",Deep Frequency,2026-05-11T11:12:43.994854
https://schema.org,CreativeWork,SAN-0838,Brahmarupa,brahmarupa,Shringara,108.3,['Ashwini'],Ketu,Ashwini Kumaras,Sattva,Pauṣṭi (nourishment),Yaman,Oṁ brahmarupaya namaḥ,"love, beauty, devotion · pure, harmonious, balanced · sacred vibration",Deep Frequency,2026-05-11T11:12:43.994868
https://schema.org,CreativeWork,SAN-0839,Parapada,parapada,Hasya,110.1,['Bharani'],Venus,Yama,Rajas,Śuddhi (purification),Desh,Oṁ parapadaya namaḥ,"laughter, joy, mirth · active, passionate, dynamic · sacred vibration",High Frequency,2026-05-11T11:12:43.994882
https://schema.org,CreativeWork,SAN-0840,Adisthiti,adisthiti,Karuna,111.9,['Krittika'],Sun,Agni,Tamas,Śodhana (purification),Khamaj,Oṁ adisthitiye namaḥ,"compassion, mercy, empathy · stable, inert, grounded · sacred vibration",Deep Frequency,2026-05-11T11:12:43.994895
https://schema.org,CreativeWork,SAN-0841,Svagata,svagata,Raudra,114.4,['Rohini'],Moon,Prajapati,Sattva,Kuṇḍalinī (healing),Malkauns,Oṁ svagataya namaḥ,"fury, anger, intensity · pure, harmonious, balanced · sacred vibration",Deep Frequency,2026-05-11T11:12:43.994909
https://schema.org,CreativeWork,SAN-0842,Parasthiti,parasthiti,Vira,115.8,['Mrigashira'],Mars,Soma,Rajas,Pauṣṭi (nourishment),Darbari,Oṁ parasthitiye namaḥ,"heroism, courage, valor · active, passionate, dynamic · sacred vibration",Medium Frequency,2026-05-11T11:12:43.994922
https://schema.org,CreativeWork,SAN-0843,Svasara,svasara,Bhayanaka,117.7,['Ardra'],Rahu,Rudra,Tamas,Mūla śodhana (root),Bhoop,Oṁ svasaraya namaḥ,"fear, terror, awe · stable, inert, grounded · sacred vibration",Deep Frequency,2026-05-11T11:12:43.994934
https://schema.org,CreativeWork,SAN-0844,Svalaya,svalaya,Bibhatsa,120.0,['Punarvasu'],Jupiter,Aditi,Sattva,Saṃkṣobha (transformation),Shankara,Oṁ svalayaya namaḥ,"aversion, disgust, repulsion · pure, harmonious, balanced · sacred vibration",High Frequency,2026-05-11T11:12:43.994948
https://schema.org,CreativeWork,SAN-0845,Chittva,chittva,Adbhuta,121.6,['Pushya'],Saturn,Brihaspati,Rajas,Nāyakatva (leadership),Brindavani Sarang,Oṁ chittvaya namaḥ,"wonder, amazement, curiosity · active, passionate, dynamic · sacred vibration",Deep Frequency,2026-05-11T11:12:43.994961
https://schema.org,CreativeWork,SAN-0846,Chitsara,chitsara,Shanta,124.1,['Ashlesha'],Mercury,Sarpas,Tamas,Kuṇḍalinī (healing),Bhairav,Oṁ chitsaraya namaḥ,"peace, tranquility, stillness · stable, inert, grounded · sacred vibration",Deep Frequency,2026-05-11T11:12:43.994972
https://schema.org,CreativeWork,SAN-0847,Adisthiti,adisthiti,Shringara,125.5,['Magha'],Ketu,Pitrs,Sattva,Paitṛka (ancestral),Desh,Oṁ adisthitiye namaḥ,"love, beauty, devotion · pure, harmonious, balanced · sacred vibration",High Frequency,2026-05-11T11:12:43.994985
https://schema.org,CreativeWork,SAN-0848,Aditva,aditva,Hasya,128.5,['Purva Phalguni'],Venus,Bhaga,Rajas,Kauśala (creativity),Marwa,Oṁ aditvaya namaḥ,"laughter, joy, mirth · active, passionate, dynamic · sacred vibration",Medium Frequency,2026-05-11T11:12:43.994999
https://schema.org,CreativeWork,SAN-0849,Pranapada,pranapada,Karuna,130.5,['Uttara Phalguni'],Sun,Aryaman,Tamas,Vijaya (victory),Desh,Oṁ pranapadaya namaḥ,"compassion, mercy, empathy · stable, inert, grounded · sacred vibration",High Frequency,2026-05-11T11:12:43.995011
https://schema.org,CreativeWork,SAN-0850,Pranakara,pranakara,Raudra,132.2,['Hasta'],Moon,Savitr,Sattva,Kauśala (creativity),Kafi,Oṁ pranakaraya namaḥ,"fury, anger, intensity · pure, harmonious, balanced · sacred vibration",High Frequency,2026-05-11T11:12:43.995024
https://schema.org,CreativeWork,SAN-0851,Atmakara,atmakara,Vira,134.1,['Chitra'],Mars,Vishwakarma,Rajas,Śravaṇa (learning),Yaman,Oṁ atmakaraya namaḥ,"heroism, courage, valor · active, passionate, dynamic · sacred vibration",Medium Frequency,2026-05-11T11:12:43.995037
https://schema.org,CreativeWork,SAN-0852,Chitsthiti,chitsthiti,Bhayanaka,135.6,['Swati'],Rahu,Vayu,Tamas,Parivartana (transformation),Khamaj,Oṁ chitsthitiye namaḥ,"fear, terror, awe · stable, inert, grounded · sacred vibration",Medium Frequency,2026-05-11T11:12:43.995049
https://schema.org,CreativeWork,SAN-0853,Pranananda,pranananda,Bibhatsa,137.5,['Vishakha'],Jupiter,Indra-Agni,Sattva,Pauṣṭi (nourishment),Puriya Dhanashree,Oṁ prananandaya namaḥ,"aversion, disgust, repulsion · pure, harmonious, balanced · sacred vibration",Medium Frequency,2026-05-11T11:12:43.995062
https://schema.org,CreativeWork,SAN-0854,Parananda,parananda,Adbhuta,139.9,['Anuradha'],Saturn,Mitra,Rajas,Mūla śodhana (root),Malkauns,Oṁ paranandaya namaḥ,"wonder, amazement, curiosity · active, passionate, dynamic · sacred vibration",Deep Frequency,2026-05-11T11:12:43.995074
https://schema.org,CreativeWork,SAN-0855,Mahatva,mahatva,Shanta,141.9,['Jyeshtha'],Mercury,Indra,Tamas,Nāyakatva (leadership),Bhairav,Oṁ mahatvaya namaḥ,"peace, tranquility, stillness · stable, inert, grounded · sacred vibration",Medium Frequency,2026-05-11T11:12:43.995086
https://schema.org,CreativeWork,SAN-0856,Atmarupa,atmarupa,Shringara,144.1,['Mula'],Ketu,Nirriti,Sattva,Nāyakatva (leadership),Marwa,Oṁ atmarupaya namaḥ,"love, beauty, devotion · pure, harmonious, balanced · sacred vibration",Deep Frequency,2026-05-11T11:12:43.995101
https://schema.org,CreativeWork,SAN-0857,Mahakara,mahakara,Hasya,146.3,['Purva Ashadha'],Venus,Apas,Rajas,Mūla śodhana (root),Bhairav,Oṁ mahakaraya namaḥ,"laughter, joy, mirth · active, passionate, dynamic · sacred vibration",Deep Frequency,2026-05-11T11:12:43.995113
https://schema.org,CreativeWork,SAN-0858,Mahatva,mahatva,Karuna,148.0,['Uttara Ashadha'],Sun,Vishvedevas,Tamas,Saṃvedana (intuition),Rageshri,Oṁ mahatvaya namaḥ,"compassion, mercy, empathy · stable, inert, grounded · sacred vibration",Deep Frequency,2026-05-11T11:12:43.995127
https://schema.org,CreativeWork,SAN-0859,Adilaya,adilaya,Raudra,149.5,['Shravana'],Moon,Vishnu,Sattva,Ārogya (healing),Bageshree,Oṁ adilayaya namaḥ,"fury, anger, intensity · pure, harmonious, balanced · sacred vibration",Medium Frequency,2026-05-11T11:12:43.995139
https://schema.org,CreativeWork,SAN-0860,Atmalaya,atmalaya,Vira,151.8,['Dhanishtha'],Mars,Vasus,Rajas,Vijaya (victory),Todi,Oṁ atmalayaya namaḥ,"heroism, courage, valor · active, passionate, dynamic · sacred vibration",High Frequency,2026-05-11T11:12:43.995151
https://schema.org,CreativeWork,SAN-0861,Vedapada,vedapada,Bhayanaka,153.9,['Shatabhisha'],Rahu,Varuna,Tamas,Parivartana (transformation),Kafi,Oṁ vedapadaya namaḥ,"fear, terror, awe · stable, inert, grounded · sacred vibration",Medium Frequency,2026-05-11T11:12:43.995163
https://schema.org,CreativeWork,SAN-0862,Mahatva,mahatva,Bibhatsa,156.2,['Purva Bhadrapada'],Jupiter,Aja Ekapada,Sattva,Navīkaraṇa (renewal),Khamaj,Oṁ mahatvaya namaḥ,"aversion, disgust, repulsion · pure, harmonious, balanced · sacred vibration",Deep Frequency,2026-05-11T11:12:43.995176
https://schema.org,CreativeWork,SAN-0863,Brahmamaya,brahmamaya,Adbhuta,157.7,['Uttara Bhadrapada'],Saturn,Ahirbudhnya,Rajas,Svātantrya (freedom),Ahir Bhairav,Oṁ brahmamayaya namaḥ,"wonder, amazement, curiosity · active, passionate, dynamic · sacred vibration",Deep Frequency,2026-05-11T11:12:43.995188
https://schema.org,CreativeWork,SAN-0864,Brahmatva,brahmatva,Shanta,159.7,['Revati'],Mercury,Pushan,Tamas,Svātantrya (freedom),Bhairav,Oṁ brahmatvaya namaḥ,"peace, tranquility, stillness · stable, inert, grounded · sacred vibration",High Frequency,2026-05-11T11:12:43.995200
https://schema.org,CreativeWork,SAN-0865,Brahmalaya,brahmalaya,Shringara,108.2,['Ashwini'],Ketu,Ashwini Kumaras,Sattva,Nāyakatva (leadership),Desh,Oṁ brahmalayaya namaḥ,"love, beauty, devotion · pure, harmonious, balanced · sacred vibration",High Frequency,2026-05-11T11:12:43.995212
https://schema.org,CreativeWork,SAN-0866,Maharupa,maharupa,Hasya,110.3,['Bharani'],Venus,Yama,Rajas,Paitṛka (ancestral),Desh,Oṁ maharupaya namaḥ,"laughter, joy, mirth · active, passionate, dynamic · sacred vibration",Deep Frequency,2026-05-11T11:12:43.995225
https://schema.org,CreativeWork,SAN-0867,Pranamaya,pranamaya,Karuna,111.8,['Krittika'],Sun,Agni,Tamas,Paitṛka (ancestral),Bageshree,Oṁ pranamayaya namaḥ,"compassion, mercy, empathy · stable, inert, grounded · sacred vibration",Medium Frequency,2026-05-11T11:12:43.995238
https://schema.org,CreativeWork,SAN-0868,Adipada,adipada,Raudra,114.4,['Rohini'],Moon,Prajapati,Sattva,Kuṇḍalinī (healing),Marwa,Oṁ adipadaya namaḥ,"fury, anger, intensity · pure, harmonious, balanced · sacred vibration",Medium Frequency,2026-05-11T11:12:43.995254
https://schema.org,CreativeWork,SAN-0869,Pranapada,pranapada,Vira,116.1,['Mrigashira'],Mars,Soma,Rajas,Saṃkṣobha (transformation),Khamaj,Oṁ pranapadaya namaḥ,"heroism, courage, valor · active, passionate, dynamic · sacred vibration",Deep Frequency,2026-05-11T11:12:43.995266
https://schema.org,CreativeWork,SAN-0870,Anandatva,anandatva,Bhayanaka,117.8,['Ardra'],Rahu,Rudra,Tamas,Ārogya (healing),Kafi,Oṁ anandatvaya namaḥ,"fear, terror, awe · stable, inert, grounded · sacred vibration",High Frequency,2026-05-11T11:12:43.995279
https://schema.org,CreativeWork,SAN-0871,Atmarupa,atmarupa,Bibhatsa,120.5,['Punarvasu'],Jupiter,Aditi,Sattva,Saṃvedana (intuition),Puriya Dhanashree,Oṁ atmarupaya namaḥ,"aversion, disgust, repulsion · pure, harmonious, balanced · sacred vibration",High Frequency,2026-05-11T11:12:43.995291
https://schema.org,CreativeWork,SAN-0872,Brahmasthiti,brahmasthiti,Adbhuta,121.7,['Pushya'],Saturn,Brihaspati,Rajas,Svātantrya (freedom),Darbari,Oṁ brahmasthitiye namaḥ,"wonder, amazement, curiosity · active, passionate, dynamic · sacred vibration",Medium Frequency,2026-05-11T11:12:43.995303
https://schema.org,CreativeWork,SAN-0873,Chitsara,chitsara,Shanta,124.3,['Ashlesha'],Mercury,Sarpas,Tamas,Saṃvedana (intuition),Khamaj,Oṁ chitsaraya namaḥ,"peace, tranquility, stillness · stable, inert, grounded · sacred vibration",Deep Frequency,2026-05-11T11:12:43.995315
https://schema.org,CreativeWork,SAN-0874,Anandalaya,anandalaya,Shringara,125.6,['Magha'],Ketu,Pitrs,Sattva,Saṃkṣobha (transformation),Hamsadhwani,Oṁ anandalayaya namaḥ,"love, beauty, devotion · pure, harmonious, balanced · sacred vibration",Medium Frequency,2026-05-11T11:12:43.995328
https://schema.org,CreativeWork,SAN-0875,Mahakara,mahakara,Hasya,128.5,['Purva Phalguni'],Venus,Bhaga,Rajas,Svātantrya (freedom),Kafi,Oṁ mahakaraya namaḥ,"laughter, joy, mirth · active, passionate, dynamic · sacred vibration",Deep Frequency,2026-05-11T11:12:43.995340
https://schema.org,CreativeWork,SAN-0876,Mahakara,mahakara,Karuna,129.7,['Uttara Phalguni'],Sun,Aryaman,Tamas,Svātantrya (freedom),Rageshri,Oṁ mahakaraya namaḥ,"compassion, mercy, empathy · stable, inert, grounded · sacred vibration",Medium Frequency,2026-05-11T11:12:43.995353
https://schema.org,CreativeWork,SAN-0877,Anandasthiti,anandasthiti,Raudra,131.6,['Hasta'],Moon,Savitr,Sattva,Vijaya (victory),Rageshri,Oṁ anandasthitiye namaḥ,"fury, anger, intensity · pure, harmonious, balanced · sacred vibration",High Frequency,2026-05-11T11:12:43.995367
https://schema.org,CreativeWork,SAN-0878,Svananda,svananda,Vira,134.4,['Chitra'],Mars,Vishwakarma,Rajas,Vijaya (victory),Khamaj,Oṁ svanandaya namaḥ,"heroism, courage, valor · active, passionate, dynamic · sacred vibration",Medium Frequency,2026-05-11T11:12:43.995384
https://schema.org,CreativeWork,SAN-0879,Pararupa,pararupa,Bhayanaka,135.9,['Swati'],Rahu,Vayu,Tamas,Vijaya (victory),Puriya Dhanashree,Oṁ pararupaya namaḥ,"fear, terror, awe · stable, inert, grounded · sacred vibration",Medium Frequency,2026-05-11T11:12:43.995396
https://schema.org,CreativeWork,SAN-0880,Pararupa,pararupa,Bibhatsa,137.6,['Vishakha'],Jupiter,Indra-Agni,Sattva,Śakti (power),Brindavani Sarang,Oṁ pararupaya namaḥ,"aversion, disgust, repulsion · pure, harmonious, balanced · sacred vibration",High Frequency,2026-05-11T11:12:43.995408
https://schema.org,CreativeWork,SAN-0881,Brahmasthiti,brahmasthiti,Adbhuta,139.7,['Anuradha'],Saturn,Mitra,Rajas,Pauṣṭi (nourishment),Darbari,Oṁ brahmasthitiye namaḥ,"wonder, amazement, curiosity · active, passionate, dynamic · sacred vibration",High Frequency,2026-05-11T11:12:43.995422
https://schema.org,CreativeWork,SAN-0882,Vedananda,vedananda,Shanta,142.0,['Jyeshtha'],Mercury,Indra,Tamas,Vaivāhika (marriage),Marwa,Oṁ vedanandaya namaḥ,"peace, tranquility, stillness · stable, inert, grounded · sacred vibration",Medium Frequency,2026-05-11T11:12:43.995434
https://schema.org,CreativeWork,SAN-0883,Parasthiti,parasthiti,Shringara,144.3,['Mula'],Ketu,Nirriti,Sattva,Mūla śodhana (root),Bhimpalasi,Oṁ parasthitiye namaḥ,"love, beauty, devotion · pure, harmonious, balanced · sacred vibration",High Frequency,2026-05-11T11:12:43.995446
https://schema.org,CreativeWork,SAN-0884,Adikara,adikara,Hasya,146.4,['Purva Ashadha'],Venus,Apas,Rajas,Śilpa (art),Khamaj,Oṁ adikaraya namaḥ,"laughter, joy, mirth · active, passionate, dynamic · sacred vibration",Medium Frequency,2026-05-11T11:12:43.995458
https://schema.org,CreativeWork,SAN-0885,Pranasthiti,pranasthiti,Karuna,148.4,['Uttara Ashadha'],Sun,Vishvedevas,Tamas,Kauśala (creativity),Bhimpalasi,Oṁ pranasthitiye namaḥ,"compassion, mercy, empathy · stable, inert, grounded · sacred vibration",High Frequency,2026-05-11T11:12:43.995470
https://schema.org,CreativeWork,SAN-0886,Svananda,svananda,Raudra,149.8,['Shravana'],Moon,Vishnu,Sattva,Kuṇḍalinī (healing),Marwa,Oṁ svanandaya namaḥ,"fury, anger, intensity · pure, harmonious, balanced · sacred vibration",Deep Frequency,2026-05-11T11:12:43.995482
https://schema.org,CreativeWork,SAN-0887,Aditva,aditva,Vira,152.0,['Dhanishtha'],Mars,Vasus,Rajas,Mūla śodhana (root),Khamaj,Oṁ aditvaya namaḥ,"heroism, courage, valor · active, passionate, dynamic · sacred vibration",Deep Frequency,2026-05-11T11:12:43.995494
https://schema.org,CreativeWork,SAN-0888,Vedarupa,vedarupa,Bhayanaka,154.2,['Shatabhisha'],Rahu,Varuna,Tamas,Svātantrya (freedom),Desh,Oṁ vedarupaya namaḥ,"fear, terror, awe · stable, inert, grounded · sacred vibration",Deep Frequency,2026-05-11T11:12:43.995508
https://schema.org,CreativeWork,SAN-0889,Chitnanda,chitnanda,Bibhatsa,156.1,['Purva Bhadrapada'],Jupiter,Aja Ekapada,Sattva,Ārogya (healing),Khamaj,Oṁ chitnandaya namaḥ,"aversion, disgust, repulsion · pure, harmonious, balanced · sacred vibration",Deep Frequency,2026-05-11T11:12:43.995520
https://schema.org,CreativeWork,SAN-0890,Chitnanda,chitnanda,Adbhuta,157.9,['Uttara Bhadrapada'],Saturn,Ahirbudhnya,Rajas,Dhana (wealth),Bageshree,Oṁ chitnandaya namaḥ,"wonder, amazement, curiosity · active, passionate, dynamic · sacred vibration",Medium Frequency,2026-05-11T11:12:43.995534
https://schema.org,CreativeWork,SAN-0891,Vedalaya,vedalaya,Shanta,159.7,['Revati'],Mercury,Pushan,Tamas,Śuddhi (purification),Bhimpalasi,Oṁ vedalayaya namaḥ,"peace, tranquility, stillness · stable, inert, grounded · sacred vibration",Deep Frequency,2026-05-11T11:12:43.995549
https://schema.org,CreativeWork,SAN-0892,Brahmatva,brahmatva,Shringara,107.6,['Ashwini'],Ketu,Ashwini Kumaras,Sattva,Nāyakatva (leadership),Brindavani Sarang,Oṁ brahmatvaya namaḥ,"love, beauty, devotion · pure, harmonious, balanced · sacred vibration",High Frequency,2026-05-11T11:12:43.995562
https://schema.org,CreativeWork,SAN-0893,Mahagata,mahagata,Hasya,110.5,['Bharani'],Venus,Yama,Rajas,Parivartana (transformation),Bageshree,Oṁ mahagataya namaḥ,"laughter, joy, mirth · active, passionate, dynamic · sacred vibration",Medium Frequency,2026-05-11T11:12:43.995574
https://schema.org,CreativeWork,SAN-0894,Atmatva,atmatva,Karuna,112.1,['Krittika'],Sun,Agni,Tamas,Paitṛka (ancestral),Desh,Oṁ atmatvaya namaḥ,"compassion, mercy, empathy · stable, inert, grounded · sacred vibration",Deep Frequency,2026-05-11T11:12:43.995587
https://schema.org,CreativeWork,SAN-0895,Mahagata,mahagata,Raudra,113.9,['Rohini'],Moon,Prajapati,Sattva,Śodhana (purification),Darbari,Oṁ mahagataya namaḥ,"fury, anger, intensity · pure, harmonious, balanced · sacred vibration",High Frequency,2026-05-11T11:12:43.995599
https://schema.org,CreativeWork,SAN-0896,Vedananda,vedananda,Vira,116.0,['Mrigashira'],Mars,Soma,Rajas,Pauṣṭi (nourishment),Khamaj,Oṁ vedanandaya namaḥ,"heroism, courage, valor · active, passionate, dynamic · sacred vibration",High Frequency,2026-05-11T11:12:43.995611
https://schema.org,CreativeWork,SAN-0897,Anandapada,anandapada,Bhayanaka,117.9,['Ardra'],Rahu,Rudra,Tamas,Saṃvedana (intuition),Rageshri,Oṁ anandapadaya namaḥ,"fear, terror, awe · stable, inert, grounded · sacred vibration",Medium Frequency,2026-05-11T11:12:43.995624
https://schema.org,CreativeWork,SAN-0898,Pranatva,pranatva,Bibhatsa,119.6,['Punarvasu'],Jupiter,Aditi,Sattva,Ārogya (healing),Kafi,Oṁ pranatvaya namaḥ,"aversion, disgust, repulsion · pure, harmonious, balanced · sacred vibration",Medium Frequency,2026-05-11T11:12:43.995638
https://schema.org,CreativeWork,SAN-0899,Pranasara,pranasara,Adbhuta,122.0,['Pushya'],Saturn,Brihaspati,Rajas,Śuddhi (purification),Hamsadhwani,Oṁ pranasaraya namaḥ,"wonder, amazement, curiosity · active, passionate, dynamic · sacred vibration",Deep Frequency,2026-05-11T11:12:43.995650
https://schema.org,CreativeWork,SAN-0900,Pranakara,pranakara,Shanta,123.8,['Ashlesha'],Mercury,Sarpas,Tamas,Svātantrya (freedom),Todi,Oṁ pranakaraya namaḥ,"peace, tranquility, stillness · stable, inert, grounded · sacred vibration",High Frequency,2026-05-11T11:12:43.995661
https://schema.org,CreativeWork,SAN-0901,Brahmarupa,brahmarupa,Shringara,125.8,['Magha'],Ketu,Pitrs,Sattva,Dhana (wealth),Darbari,Oṁ brahmarupaya namaḥ,"love, beauty, devotion · pure, harmonious, balanced · sacred vibration",Deep Frequency,2026-05-11T11:12:43.995788
https://schema.org,CreativeWork,SAN-0902,Adisthiti,adisthiti,Hasya,127.6,['Purva Phalguni'],Venus,Bhaga,Rajas,Pauṣṭi (nourishment),Desh,Oṁ adisthitiye namaḥ,"laughter, joy, mirth · active, passionate, dynamic · sacred vibration",Medium Frequency,2026-05-11T11:12:43.995804
https://schema.org,CreativeWork,SAN-0903,Adilaya,adilaya,Karuna,130.2,['Uttara Phalguni'],Sun,Aryaman,Tamas,Svātantrya (freedom),Rageshri,Oṁ adilayaya namaḥ,"compassion, mercy, empathy · stable, inert, grounded · sacred vibration",Medium Frequency,2026-05-11T11:12:43.995818
https://schema.org,CreativeWork,SAN-0904,Atmananda,atmananda,Raudra,132.3,['Hasta'],Moon,Savitr,Sattva,Mūla śodhana (root),Bhairav,Oṁ atmanandaya namaḥ,"fury, anger, intensity · pure, harmonious, balanced · sacred vibration",Deep Frequency,2026-05-11T11:12:43.995831
https://schema.org,CreativeWork,SAN-0905,Chitgata,chitgata,Vira,134.1,['Chitra'],Mars,Vishwakarma,Rajas,Kuṇḍalinī (healing),Malkauns,Oṁ chitgataya namaḥ,"heroism, courage, valor · active, passionate, dynamic · sacred vibration",High Frequency,2026-05-11T11:12:43.995843
https://schema.org,CreativeWork,SAN-0906,Paragata,paragata,Bhayanaka,135.7,['Swati'],Rahu,Vayu,Tamas,Nāyakatva (leadership),Bageshree,Oṁ paragataya namaḥ,"fear, terror, awe · stable, inert, grounded · sacred vibration",Medium Frequency,2026-05-11T11:12:43.995856
https://schema.org,CreativeWork,SAN-0907,Pranasara,pranasara,Bibhatsa,138.1,['Vishakha'],Jupiter,Indra-Agni,Sattva,Śravaṇa (learning),Bageshree,Oṁ pranasaraya namaḥ,"aversion, disgust, repulsion · pure, harmonious, balanced · sacred vibration",Medium Frequency,2026-05-11T11:12:43.995868
https://schema.org,CreativeWork,SAN-0908,Anandagata,anandagata,Adbhuta,140.5,['Anuradha'],Saturn,Mitra,Rajas,Saṃkṣobha (transformation),Kafi,Oṁ anandagataya namaḥ,"wonder, amazement, curiosity · active, passionate, dynamic · sacred vibration",Deep Frequency,2026-05-11T11:12:43.995883
https://schema.org,CreativeWork,SAN-0909,Parakara,parakara,Shanta,141.7,['Jyeshtha'],Mercury,Indra,Tamas,Vijaya (victory),Hamsadhwani,Oṁ parakaraya namaḥ,"peace, tranquility, stillness · stable, inert, grounded · sacred vibration",High Frequency,2026-05-11T11:12:43.995896
https://schema.org,CreativeWork,SAN-0910,Anandasara,anandasara,Shringara,144.3,['Mula'],Ketu,Nirriti,Sattva,Svātantrya (freedom),Todi,Oṁ anandasaraya namaḥ,"love, beauty, devotion · pure, harmonious, balanced · sacred vibration",Deep Frequency,2026-05-11T11:12:43.995908
https://schema.org,CreativeWork,SAN-0911,Maharupa,maharupa,Hasya,146.3,['Purva Ashadha'],Venus,Apas,Rajas,Śravaṇa (learning),Yaman,Oṁ maharupaya namaḥ,"laughter, joy, mirth · active, passionate, dynamic · sacred vibration",Deep Frequency,2026-05-11T11:12:43.995920
https://schema.org,CreativeWork,SAN-0912,Parasara,parasara,Karuna,147.8,['Uttara Ashadha'],Sun,Vishvedevas,Tamas,Dhana (wealth),Marwa,Oṁ parasaraya namaḥ,"compassion, mercy, empathy · stable, inert, grounded · sacred vibration",Medium Frequency,2026-05-11T11:12:43.995934
https://schema.org,CreativeWork,SAN-0913,Brahmalaya,brahmalaya,Raudra,150.3,['Shravana'],Moon,Vishnu,Sattva,Mūla śodhana (root),Todi,Oṁ brahmalayaya namaḥ,"fury, anger, intensity · pure, harmonious, balanced · sacred vibration",High Frequency,2026-05-11T11:12:43.995947
https://schema.org,CreativeWork,SAN-0914,Adisara,adisara,Vira,151.5,['Dhanishtha'],Mars,Vasus,Rajas,Nāyakatva (leadership),Yaman,Oṁ adisaraya namaḥ,"heroism, courage, valor · active, passionate, dynamic · sacred vibration",High Frequency,2026-05-11T11:12:43.995959
https://schema.org,CreativeWork,SAN-0915,Brahmagata,brahmagata,Bhayanaka,153.6,['Shatabhisha'],Rahu,Varuna,Tamas,Dhana (wealth),Khamaj,Oṁ brahmagataya namaḥ,"fear, terror, awe · stable, inert, grounded · sacred vibration",High Frequency,2026-05-11T11:12:43.995971
https://schema.org,CreativeWork,SAN-0916,Brahmapada,brahmapada,Bibhatsa,155.7,['Purva Bhadrapada'],Jupiter,Aja Ekapada,Sattva,Pauṣṭi (nourishment),Hamsadhwani,Oṁ brahmapadaya namaḥ,"aversion, disgust, repulsion · pure, harmonious, balanced · sacred vibration",Deep Frequency,2026-05-11T11:12:43.995984
https://schema.org,CreativeWork,SAN-0917,Adikara,adikara,Adbhuta,157.7,['Uttara Bhadrapada'],Saturn,Ahirbudhnya,Rajas,Navīkaraṇa (renewal),Ahir Bhairav,Oṁ adikaraya namaḥ,"wonder, amazement, curiosity · active, passionate, dynamic · sacred vibration",Deep Frequency,2026-05-11T11:12:43.995996
https://schema.org,CreativeWork,SAN-0918,Svapada,svapada,Shanta,160.3,['Revati'],Mercury,Pushan,Tamas,Pauṣṭi (nourishment),Brindavani Sarang,Oṁ svapadaya namaḥ,"peace, tranquility, stillness · stable, inert, grounded · sacred vibration",Medium Frequency,2026-05-11T11:12:43.996011
https://schema.org,CreativeWork,SAN-0919,Adilaya,adilaya,Shringara,108.2,['Ashwini'],Ketu,Ashwini Kumaras,Sattva,Paitṛka (ancestral),Puriya Dhanashree,Oṁ adilayaya namaḥ,"love, beauty, devotion · pure, harmonious, balanced · sacred vibration",High Frequency,2026-05-11T11:12:43.996024
https://schema.org,CreativeWork,SAN-0920,Chitkara,chitkara,Hasya,109.9,['Bharani'],Venus,Yama,Rajas,Śilpa (art),Puriya Dhanashree,Oṁ chitkaraya namaḥ,"laughter, joy, mirth · active, passionate, dynamic · sacred vibration",Deep Frequency,2026-05-11T11:12:43.996036
https://schema.org,CreativeWork,SAN-0921,Chitgata,chitgata,Karuna,111.7,['Krittika'],Sun,Agni,Tamas,Vijaya (victory),Yaman,Oṁ chitgataya namaḥ,"compassion, mercy, empathy · stable, inert, grounded · sacred vibration",Medium Frequency,2026-05-11T11:12:43.996048
https://schema.org,CreativeWork,SAN-0922,Brahmananda,brahmananda,Raudra,113.6,['Rohini'],Moon,Prajapati,Sattva,Vaivāhika (marriage),Desh,Oṁ brahmanandaya namaḥ,"fury, anger, intensity · pure, harmonious, balanced · sacred vibration",Deep Frequency,2026-05-11T11:12:43.996061
https://schema.org,CreativeWork,SAN-0923,Atmapada,atmapada,Vira,115.7,['Mrigashira'],Mars,Soma,Rajas,Saṃkṣobha (transformation),Puriya Dhanashree,Oṁ atmapadaya namaḥ,"heroism, courage, valor · active, passionate, dynamic · sacred vibration",Deep Frequency,2026-05-11T11:12:43.996075
https://schema.org,CreativeWork,SAN-0924,Atmasara,atmasara,Bhayanaka,118.2,['Ardra'],Rahu,Rudra,Tamas,Svātantrya (freedom),Bhimpalasi,Oṁ atmasaraya namaḥ,"fear, terror, awe · stable, inert, grounded · sacred vibration",Medium Frequency,2026-05-11T11:12:43.996089
https://schema.org,CreativeWork,SAN-0925,Mahagata,mahagata,Bibhatsa,119.8,['Punarvasu'],Jupiter,Aditi,Sattva,Vaivāhika (marriage),Desh,Oṁ mahagataya namaḥ,"aversion, disgust, repulsion · pure, harmonious, balanced · sacred vibration",High Frequency,2026-05-11T11:12:43.996101
https://schema.org,CreativeWork,SAN-0926,Adikara,adikara,Adbhuta,122.3,['Pushya'],Saturn,Brihaspati,Rajas,Saṃvedana (intuition),Khamaj,Oṁ adikaraya namaḥ,"wonder, amazement, curiosity · active, passionate, dynamic · sacred vibration",Medium Frequency,2026-05-11T11:12:43.996113
https://schema.org,CreativeWork,SAN-0927,Atmakara,atmakara,Shanta,124.2,['Ashlesha'],Mercury,Sarpas,Tamas,Navīkaraṇa (renewal),Ahir Bhairav,Oṁ atmakaraya namaḥ,"peace, tranquility, stillness · stable, inert, grounded · sacred vibration",Deep Frequency,2026-05-11T11:12:43.996126
https://schema.org,CreativeWork,SAN-0928,Mahasthiti,mahasthiti,Shringara,125.6,['Magha'],Ketu,Pitrs,Sattva,Śuddhi (purification),Marwa,Oṁ mahasthitiye namaḥ,"love, beauty, devotion · pure, harmonious, balanced · sacred vibration",High Frequency,2026-05-11T11:12:43.996142
https://schema.org,CreativeWork,SAN-0929,Anandasara,anandasara,Hasya,128.2,['Purva Phalguni'],Venus,Bhaga,Rajas,Śravaṇa (learning),Bageshree,Oṁ anandasaraya namaḥ,"laughter, joy, mirth · active, passionate, dynamic · sacred vibration",Deep Frequency,2026-05-11T11:12:43.996154
https://schema.org,CreativeWork,SAN-0930,Parapada,parapada,Karuna,129.8,['Uttara Phalguni'],Sun,Aryaman,Tamas,Ārogya (healing),Bhimpalasi,Oṁ parapadaya namaḥ,"compassion, mercy, empathy · stable, inert, grounded · sacred vibration",High Frequency,2026-05-11T11:12:43.996167
https://schema.org,CreativeWork,SAN-0931,Chitmaya,chitmaya,Raudra,132.3,['Hasta'],Moon,Savitr,Sattva,Paitṛka (ancestral),Shankara,Oṁ chitmayaya namaḥ,"fury, anger, intensity · pure, harmonious, balanced · sacred vibration",Deep Frequency,2026-05-11T11:12:43.996179
https://schema.org,CreativeWork,SAN-0932,Parasthiti,parasthiti,Vira,133.5,['Chitra'],Mars,Vishwakarma,Rajas,Navīkaraṇa (renewal),Kafi,Oṁ parasthitiye namaḥ,"heroism, courage, valor · active, passionate, dynamic · sacred vibration",High Frequency,2026-05-11T11:12:43.996191
https://schema.org,CreativeWork,SAN-0933,Adimaya,adimaya,Bhayanaka,136.0,['Swati'],Rahu,Vayu,Tamas,Saṃkṣobha (transformation),Darbari,Oṁ adimayaya namaḥ,"fear, terror, awe · stable, inert, grounded · sacred vibration",High Frequency,2026-05-11T11:12:43.996204
https://schema.org,CreativeWork,SAN-0934,Atmapada,atmapada,Bibhatsa,137.9,['Vishakha'],Jupiter,Indra-Agni,Sattva,Śuddhi (purification),Bageshree,Oṁ atmapadaya namaḥ,"aversion, disgust, repulsion · pure, harmonious, balanced · sacred vibration",High Frequency,2026-05-11T11:12:43.996216
https://schema.org,CreativeWork,SAN-0935,Chitrupa,chitrupa,Adbhuta,139.6,['Anuradha'],Saturn,Mitra,Rajas,Svātantrya (freedom),Yaman,Oṁ chitrupaya namaḥ,"wonder, amazement, curiosity · active, passionate, dynamic · sacred vibration",Medium Frequency,2026-05-11T11:12:43.996230
https://schema.org,CreativeWork,SAN-0936,Anandakara,anandakara,Shanta,142.0,['Jyeshtha'],Mercury,Indra,Tamas,Vijaya (victory),Khamaj,Oṁ anandakaraya namaḥ,"peace, tranquility, stillness · stable, inert, grounded · sacred vibration",High Frequency,2026-05-11T11:12:43.996242
https://schema.org,CreativeWork,SAN-0937,Vedakara,vedakara,Shringara,144.1,['Mula'],Ketu,Nirriti,Sattva,Paitṛka (ancestral),Bageshree,Oṁ vedakaraya namaḥ,"love, beauty, devotion · pure, harmonious, balanced · sacred vibration",High Frequency,2026-05-11T11:12:43.996254
https://schema.org,CreativeWork,SAN-0938,Vedalaya,vedalaya,Hasya,146.3,['Purva Ashadha'],Venus,Apas,Rajas,Nāyakatva (leadership),Shankara,Oṁ vedalayaya namaḥ,"laughter, joy, mirth · active, passionate, dynamic · sacred vibration",High Frequency,2026-05-11T11:12:43.996267
https://schema.org,CreativeWork,SAN-0939,Aditva,aditva,Karuna,148.1,['Uttara Ashadha'],Sun,Vishvedevas,Tamas,Vaivāhika (marriage),Bhairav,Oṁ aditvaya namaḥ,"compassion, mercy, empathy · stable, inert, grounded · sacred vibration",Deep Frequency,2026-05-11T11:12:43.996280
https://schema.org,CreativeWork,SAN-0940,Adirupa,adirupa,Raudra,149.8,['Shravana'],Moon,Vishnu,Sattva,Svātantrya (freedom),Bhoop,Oṁ adirupaya namaḥ,"fury, anger, intensity · pure, harmonious, balanced · sacred vibration",High Frequency,2026-05-11T11:12:43.996292
https://schema.org,CreativeWork,SAN-0941,Chittva,chittva,Vira,152.3,['Dhanishtha'],Mars,Vasus,Rajas,Mūla śodhana (root),Khamaj,Oṁ chittvaya namaḥ,"heroism, courage, valor · active, passionate, dynamic · sacred vibration",Medium Frequency,2026-05-11T11:12:43.996306
https://schema.org,CreativeWork,SAN-0942,Svagata,svagata,Bhayanaka,154.1,['Shatabhisha'],Rahu,Varuna,Tamas,Vaivāhika (marriage),Darbari,Oṁ svagataya namaḥ,"fear, terror, awe · stable, inert, grounded · sacred vibration",High Frequency,2026-05-11T11:12:43.996318
https://schema.org,CreativeWork,SAN-0943,Mahamaya,mahamaya,Bibhatsa,155.9,['Purva Bhadrapada'],Jupiter,Aja Ekapada,Sattva,Vaivāhika (marriage),Kafi,Oṁ mahamayaya namaḥ,"aversion, disgust, repulsion · pure, harmonious, balanced · sacred vibration",Deep Frequency,2026-05-11T11:12:43.996330
https://schema.org,CreativeWork,SAN-0944,Mahapada,mahapada,Adbhuta,157.6,['Uttara Bhadrapada'],Saturn,Ahirbudhnya,Rajas,Kuṇḍalinī (healing),Shankara,Oṁ mahapadaya namaḥ,"wonder, amazement, curiosity · active, passionate, dynamic · sacred vibration",Medium Frequency,2026-05-11T11:12:43.996343
https://schema.org,CreativeWork,SAN-0945,Pranalaya,pranalaya,Shanta,160.1,['Revati'],Mercury,Pushan,Tamas,Śodhana (purification),Ahir Bhairav,Oṁ pranalayaya namaḥ,"peace, tranquility, stillness · stable, inert, grounded · sacred vibration",Deep Frequency,2026-05-11T11:12:43.996356
https://schema.org,CreativeWork,SAN-0946,Chitsthiti,chitsthiti,Shringara,108.3,['Ashwini'],Ketu,Ashwini Kumaras,Sattva,Maitrī (friendship),Bageshree,Oṁ chitsthitiye namaḥ,"love, beauty, devotion · pure, harmonious, balanced · sacred vibration",High Frequency,2026-05-11T11:12:43.996369
https://schema.org,CreativeWork,SAN-0947,Vedasthiti,vedasthiti,Hasya,110.0,['Bharani'],Venus,Yama,Rajas,Saṃkṣobha (transformation),Desh,Oṁ vedasthitiye namaḥ,"laughter, joy, mirth · active, passionate, dynamic · sacred vibration",Deep Frequency,2026-05-11T11:12:43.996383
https://schema.org,CreativeWork,SAN-0948,Svalaya,svalaya,Karuna,111.9,['Krittika'],Sun,Agni,Tamas,Parivartana (transformation),Brindavani Sarang,Oṁ svalayaya namaḥ,"compassion, mercy, empathy · stable, inert, grounded · sacred vibration",High Frequency,2026-05-11T11:12:43.996398
https://schema.org,CreativeWork,SAN-0949,Svapada,svapada,Raudra,114.2,['Rohini'],Moon,Prajapati,Sattva,Maitrī (friendship),Bhairav,Oṁ svapadaya namaḥ,"fury, anger, intensity · pure, harmonious, balanced · sacred vibration",Deep Frequency,2026-05-11T11:12:43.996411
https://schema.org,CreativeWork,SAN-0950,Svatva,svatva,Vira,116.2,['Mrigashira'],Mars,Soma,Rajas,Kauśala (creativity),Hamsadhwani,Oṁ svatvaya namaḥ,"heroism, courage, valor · active, passionate, dynamic · sacred vibration",Deep Frequency,2026-05-11T11:12:43.996423
https://schema.org,CreativeWork,SAN-0951,Paramaya,paramaya,Bhayanaka,117.8,['Ardra'],Rahu,Rudra,Tamas,Pauṣṭi (nourishment),Todi,Oṁ paramayaya namaḥ,"fear, terror, awe · stable, inert, grounded · sacred vibration",Medium Frequency,2026-05-11T11:12:43.996435
https://schema.org,CreativeWork,SAN-0952,Anandananda,anandananda,Bibhatsa,119.8,['Punarvasu'],Jupiter,Aditi,Sattva,Pauṣṭi (nourishment),Yaman,Oṁ anandanandaya namaḥ,"aversion, disgust, repulsion · pure, harmonious, balanced · sacred vibration",Deep Frequency,2026-05-11T11:12:43.996447
https://schema.org,CreativeWork,SAN-0953,Mahagata,mahagata,Adbhuta,122.4,['Pushya'],Saturn,Brihaspati,Rajas,Śilpa (art),Todi,Oṁ mahagataya namaḥ,"wonder, amazement, curiosity · active, passionate, dynamic · sacred vibration",High Frequency,2026-05-11T11:12:43.996460
https://schema.org,CreativeWork,SAN-0954,Adimaya,adimaya,Shanta,124.1,['Ashlesha'],Mercury,Sarpas,Tamas,Saṃvedana (intuition),Shankara,Oṁ adimayaya namaḥ,"peace, tranquility, stillness · stable, inert, grounded · sacred vibration",Medium Frequency,2026-05-11T11:12:43.996472
https://schema.org,CreativeWork,SAN-0955,Atmananda,atmananda,Shringara,126.2,['Magha'],Ketu,Pitrs,Sattva,Śilpa (art),Malkauns,Oṁ atmanandaya namaḥ,"love, beauty, devotion · pure, harmonious, balanced · sacred vibration",Medium Frequency,2026-05-11T11:12:43.996484
https://schema.org,CreativeWork,SAN-0956,Parananda,parananda,Hasya,127.9,['Purva Phalguni'],Venus,Bhaga,Rajas,Mūla śodhana (root),Ahir Bhairav,Oṁ paranandaya namaḥ,"laughter, joy, mirth · active, passionate, dynamic · sacred vibration",High Frequency,2026-05-11T11:12:43.996496
https://schema.org,CreativeWork,SAN-0957,Atmatva,atmatva,Karuna,129.9,['Uttara Phalguni'],Sun,Aryaman,Tamas,Vaivāhika (marriage),Marwa,Oṁ atmatvaya namaḥ,"compassion, mercy, empathy · stable, inert, grounded · sacred vibration",High Frequency,2026-05-11T11:12:43.996508
https://schema.org,CreativeWork,SAN-0958,Mahatva,mahatva,Raudra,131.9,['Hasta'],Moon,Savitr,Sattva,Ārogya (healing),Bhimpalasi,Oṁ mahatvaya namaḥ,"fury, anger, intensity · pure, harmonious, balanced · sacred vibration",Medium Frequency,2026-05-11T11:12:43.996522
https://schema.org,CreativeWork,SAN-0959,Adirupa,adirupa,Vira,134.3,['Chitra'],Mars,Vishwakarma,Rajas,Śilpa (art),Malkauns,Oṁ adirupaya namaḥ,"heroism, courage, valor · active, passionate, dynamic · sacred vibration",Medium Frequency,2026-05-11T11:12:43.996535
https://schema.org,CreativeWork,SAN-0960,Brahmakara,brahmakara,Bhayanaka,136.0,['Swati'],Rahu,Vayu,Tamas,Śakti (power),Malkauns,Oṁ brahmakaraya namaḥ,"fear, terror, awe · stable, inert, grounded · sacred vibration",Deep Frequency,2026-05-11T11:12:43.996552
https://schema.org,CreativeWork,SAN-0961,Adisthiti,adisthiti,Bibhatsa,137.5,['Vishakha'],Jupiter,Indra-Agni,Sattva,Nāyakatva (leadership),Puriya Dhanashree,Oṁ adisthitiye namaḥ,"aversion, disgust, repulsion · pure, harmonious, balanced · sacred vibration",High Frequency,2026-05-11T11:12:43.996565
https://schema.org,CreativeWork,SAN-0962,Svamaya,svamaya,Adbhuta,139.8,['Anuradha'],Saturn,Mitra,Rajas,Śodhana (purification),Yaman,Oṁ svamayaya namaḥ,"wonder, amazement, curiosity · active, passionate, dynamic · sacred vibration",High Frequency,2026-05-11T11:12:43.996577
https://schema.org,CreativeWork,SAN-0963,Parakara,parakara,Shanta,142.2,['Jyeshtha'],Mercury,Indra,Tamas,Parivartana (transformation),Bhoop,Oṁ parakaraya namaḥ,"peace, tranquility, stillness · stable, inert, grounded · sacred vibration",Medium Frequency,2026-05-11T11:12:43.996589
https://schema.org,CreativeWork,SAN-0964,Vedarupa,vedarupa,Shringara,143.5,['Mula'],Ketu,Nirriti,Sattva,Pauṣṭi (nourishment),Rageshri,Oṁ vedarupaya namaḥ,"love, beauty, devotion · pure, harmonious, balanced · sacred vibration",Medium Frequency,2026-05-11T11:12:43.996601
https://schema.org,CreativeWork,SAN-0965,Mahananda,mahananda,Hasya,145.9,['Purva Ashadha'],Venus,Apas,Rajas,Svātantrya (freedom),Kafi,Oṁ mahanandaya namaḥ,"laughter, joy, mirth · active, passionate, dynamic · sacred vibration",High Frequency,2026-05-11T11:12:43.996614
https://schema.org,CreativeWork,SAN-0966,Pranagata,pranagata,Karuna,147.7,['Uttara Ashadha'],Sun,Vishvedevas,Tamas,Svātantrya (freedom),Brindavani Sarang,Oṁ pranagataya namaḥ,"compassion, mercy, empathy · stable, inert, grounded · sacred vibration",Medium Frequency,2026-05-11T11:12:43.996626
https://schema.org,CreativeWork,SAN-0967,Adigata,adigata,Raudra,149.6,['Shravana'],Moon,Vishnu,Sattva,Paitṛka (ancestral),Todi,Oṁ adigataya namaḥ,"fury, anger, intensity · pure, harmonious, balanced · sacred vibration",High Frequency,2026-05-11T11:12:43.996639
https://schema.org,CreativeWork,SAN-0968,Atmasthiti,atmasthiti,Vira,151.6,['Dhanishtha'],Mars,Vasus,Rajas,Parivartana (transformation),Ahir Bhairav,Oṁ atmasthitiye namaḥ,"heroism, courage, valor · active, passionate, dynamic · sacred vibration",High Frequency,2026-05-11T11:12:43.996653
https://schema.org,CreativeWork,SAN-0969,Maharupa,maharupa,Bhayanaka,154.0,['Shatabhisha'],Rahu,Varuna,Tamas,Vijaya (victory),Khamaj,Oṁ maharupaya namaḥ,"fear, terror, awe · stable, inert, grounded · sacred vibration",Medium Frequency,2026-05-11T11:12:43.996666
https://schema.org,CreativeWork,SAN-0970,Adikara,adikara,Bibhatsa,156.3,['Purva Bhadrapada'],Jupiter,Aja Ekapada,Sattva,Mūla śodhana (root),Malkauns,Oṁ adikaraya namaḥ,"aversion, disgust, repulsion · pure, harmonious, balanced · sacred vibration",Medium Frequency,2026-05-11T11:12:43.996679
https://schema.org,CreativeWork,SAN-0971,Pranarupa,pranarupa,Adbhuta,158.0,['Uttara Bhadrapada'],Saturn,Ahirbudhnya,Rajas,Ārogya (healing),Bhoop,Oṁ pranarupaya namaḥ,"wonder, amazement, curiosity · active, passionate, dynamic · sacred vibration",Deep Frequency,2026-05-11T11:12:43.996696
https://schema.org,CreativeWork,SAN-0972,Mahasara,mahasara,Shanta,159.8,['Revati'],Mercury,Pushan,Tamas,Saṃvedana (intuition),Puriya Dhanashree,Oṁ mahasaraya namaḥ,"peace, tranquility, stillness · stable, inert, grounded · sacred vibration",Deep Frequency,2026-05-11T11:12:43.996708
https://schema.org,CreativeWork,SAN-0973,Pranamaya,pranamaya,Shringara,108.1,['Ashwini'],Ketu,Ashwini Kumaras,Sattva,Ārogya (healing),Brindavani Sarang,Oṁ pranamayaya namaḥ,"love, beauty, devotion · pure, harmonious, balanced · sacred vibration",Medium Frequency,2026-05-11T11:12:43.996720
https://schema.org,CreativeWork,SAN-0974,Atmakara,atmakara,Hasya,110.5,['Bharani'],Venus,Yama,Rajas,Kauśala (creativity),Rageshri,Oṁ atmakaraya namaḥ,"laughter, joy, mirth · active, passionate, dynamic · sacred vibration",High Frequency,2026-05-11T11:12:43.996734
https://schema.org,CreativeWork,SAN-0975,Anandatva,anandatva,Karuna,112.4,['Krittika'],Sun,Agni,Tamas,Vijaya (victory),Ahir Bhairav,Oṁ anandatvaya namaḥ,"compassion, mercy, empathy · stable, inert, grounded · sacred vibration",Medium Frequency,2026-05-11T11:12:43.996746
https://schema.org,CreativeWork,SAN-0976,Mahasara,mahasara,Raudra,113.7,['Rohini'],Moon,Prajapati,Sattva,Maitrī (friendship),Marwa,Oṁ mahasaraya namaḥ,"fury, anger, intensity · pure, harmonious, balanced · sacred vibration",Medium Frequency,2026-05-11T11:12:43.996759
https://schema.org,CreativeWork,SAN-0977,Chitkara,chitkara,Vira,116.1,['Mrigashira'],Mars,Soma,Rajas,Śakti (power),Yaman,Oṁ chitkaraya namaḥ,"heroism, courage, valor · active, passionate, dynamic · sacred vibration",High Frequency,2026-05-11T11:12:43.996771
https://schema.org,CreativeWork,SAN-0978,Chitgata,chitgata,Bhayanaka,118.3,['Ardra'],Rahu,Rudra,Tamas,Paitṛka (ancestral),Khamaj,Oṁ chitgataya namaḥ,"fear, terror, awe · stable, inert, grounded · sacred vibration",Medium Frequency,2026-05-11T11:12:43.996785
https://schema.org,CreativeWork,SAN-0979,Chitmaya,chitmaya,Bibhatsa,119.7,['Punarvasu'],Jupiter,Aditi,Sattva,Vijaya (victory),Hamsadhwani,Oṁ chitmayaya namaḥ,"aversion, disgust, repulsion · pure, harmonious, balanced · sacred vibration",Medium Frequency,2026-05-11T11:12:43.996797
https://schema.org,CreativeWork,SAN-0980,Adipada,adipada,Adbhuta,121.8,['Pushya'],Saturn,Brihaspati,Rajas,Śilpa (art),Bageshree,Oṁ adipadaya namaḥ,"wonder, amazement, curiosity · active, passionate, dynamic · sacred vibration",High Frequency,2026-05-11T11:12:43.996816
https://schema.org,CreativeWork,SAN-0981,Svasthiti,svasthiti,Shanta,123.7,['Ashlesha'],Mercury,Sarpas,Tamas,Śodhana (purification),Bhimpalasi,Oṁ svasthitiye namaḥ,"peace, tranquility, stillness · stable, inert, grounded · sacred vibration",Medium Frequency,2026-05-11T11:12:43.996829
https://schema.org,CreativeWork,SAN-0982,Atmakara,atmakara,Shringara,125.7,['Magha'],Ketu,Pitrs,Sattva,Vijaya (victory),Marwa,Oṁ atmakaraya namaḥ,"love, beauty, devotion · pure, harmonious, balanced · sacred vibration",High Frequency,2026-05-11T11:12:43.996844
https://schema.org,CreativeWork,SAN-0983,Parananda,parananda,Hasya,128.5,['Purva Phalguni'],Venus,Bhaga,Rajas,Saṃkṣobha (transformation),Bageshree,Oṁ paranandaya namaḥ,"laughter, joy, mirth · active, passionate, dynamic · sacred vibration",Deep Frequency,2026-05-11T11:12:43.996858
https://schema.org,CreativeWork,SAN-0984,Anandananda,anandananda,Karuna,130.1,['Uttara Phalguni'],Sun,Aryaman,Tamas,Paitṛka (ancestral),Khamaj,Oṁ anandanandaya namaḥ,"compassion, mercy, empathy · stable, inert, grounded · sacred vibration",Deep Frequency,2026-05-11T11:12:43.996871
https://schema.org,CreativeWork,SAN-0985,Svalaya,svalaya,Raudra,131.9,['Hasta'],Moon,Savitr,Sattva,Kauśala (creativity),Bhoop,Oṁ svalayaya namaḥ,"fury, anger, intensity · pure, harmonious, balanced · sacred vibration",Deep Frequency,2026-05-11T11:12:43.996883
https://schema.org,CreativeWork,SAN-0986,Chitpada,chitpada,Vira,134.1,['Chitra'],Mars,Vishwakarma,Rajas,Kauśala (creativity),Puriya Dhanashree,Oṁ chitpadaya namaḥ,"heroism, courage, valor · active, passionate, dynamic · sacred vibration",Medium Frequency,2026-05-11T11:12:43.996896
https://schema.org,CreativeWork,SAN-0987,Brahmamaya,brahmamaya,Bhayanaka,136.1,['Swati'],Rahu,Vayu,Tamas,Saṃvedana (intuition),Bhairav,Oṁ brahmamayaya namaḥ,"fear, terror, awe · stable, inert, grounded · sacred vibration",Deep Frequency,2026-05-11T11:12:43.996908
https://schema.org,CreativeWork,SAN-0988,Brahmamaya,brahmamaya,Bibhatsa,138.0,['Vishakha'],Jupiter,Indra-Agni,Sattva,Maitrī (friendship),Bhimpalasi,Oṁ brahmamayaya namaḥ,"aversion, disgust, repulsion · pure, harmonious, balanced · sacred vibration",High Frequency,2026-05-11T11:12:43.996922
https://schema.org,CreativeWork,SAN-0989,Anandarupa,anandarupa,Adbhuta,139.7,['Anuradha'],Saturn,Mitra,Rajas,Saṃkṣobha (transformation),Malkauns,Oṁ anandarupaya namaḥ,"wonder, amazement, curiosity · active, passionate, dynamic · sacred vibration",Medium Frequency,2026-05-11T11:12:43.996935
https://schema.org,CreativeWork,SAN-0990,Paragata,paragata,Shanta,141.7,['Jyeshtha'],Mercury,Indra,Tamas,Navīkaraṇa (renewal),Bhoop,Oṁ paragataya namaḥ,"peace, tranquility, stillness · stable, inert, grounded · sacred vibration",Deep Frequency,2026-05-11T11:12:43.996947
https://schema.org,CreativeWork,SAN-0991,Vedananda,vedananda,Shringara,143.6,['Mula'],Ketu,Nirriti,Sattva,Śodhana (purification),Rageshri,Oṁ vedanandaya namaḥ,"love, beauty, devotion · pure, harmonious, balanced · sacred vibration",Deep Frequency,2026-05-11T11:12:43.996959
https://schema.org,CreativeWork,SAN-0992,Parapada,parapada,Hasya,146.5,['Purva Ashadha'],Venus,Apas,Rajas,Saṃvedana (intuition),Darbari,Oṁ parapadaya namaḥ,"laughter, joy, mirth · active, passionate, dynamic · sacred vibration",Deep Frequency,2026-05-11T11:12:43.996971
https://schema.org,CreativeWork,SAN-0993,Brahmalaya,brahmalaya,Karuna,148.1,['Uttara Ashadha'],Sun,Vishvedevas,Tamas,Svātantrya (freedom),Malkauns,Oṁ brahmalayaya namaḥ,"compassion, mercy, empathy · stable, inert, grounded · sacred vibration",Deep Frequency,2026-05-11T11:12:43.996985
https://schema.org,CreativeWork,SAN-0994,Vedatva,vedatva,Raudra,150.3,['Shravana'],Moon,Vishnu,Sattva,Pauṣṭi (nourishment),Puriya Dhanashree,Oṁ vedatvaya namaḥ,"fury, anger, intensity · pure, harmonious, balanced · sacred vibration",Medium Frequency,2026-05-11T11:12:43.996997
https://schema.org,CreativeWork,SAN-0995,Chitnanda,chitnanda,Vira,151.7,['Dhanishtha'],Mars,Vasus,Rajas,Śodhana (purification),Malkauns,Oṁ chitnandaya namaḥ,"heroism, courage, valor · active, passionate, dynamic · sacred vibration",High Frequency,2026-05-11T11:12:43.997009
https://schema.org,CreativeWork,SAN-0996,Adilaya,adilaya,Bhayanaka,154.1,['Shatabhisha'],Rahu,Varuna,Tamas,Parivartana (transformation),Bageshree,Oṁ adilayaya namaḥ,"fear, terror, awe · stable, inert, grounded · sacred vibration",Medium Frequency,2026-05-11T11:12:43.997021
https://schema.org,CreativeWork,SAN-0997,Pranamaya,pranamaya,Bibhatsa,156.0,['Purva Bhadrapada'],Jupiter,Aja Ekapada,Sattva,Parivartana (transformation),Yaman,Oṁ pranamayaya namaḥ,"aversion, disgust, repulsion · pure, harmonious, balanced · sacred vibration",High Frequency,2026-05-11T11:12:43.997033
https://schema.org,CreativeWork,SAN-0998,Atmatva,atmatva,Adbhuta,158.3,['Uttara Bhadrapada'],Saturn,Ahirbudhnya,Rajas,Paitṛka (ancestral),Bhimpalasi,Oṁ atmatvaya namaḥ,"wonder, amazement, curiosity · active, passionate, dynamic · sacred vibration",High Frequency,2026-05-11T11:12:43.997046
https://schema.org,CreativeWork,SAN-0999,Paratva,paratva,Shanta,160.2,['Revati'],Mercury,Pushan,Tamas,Vaivāhika (marriage),Desh,Oṁ paratvaya namaḥ,"peace, tranquility, stillness · stable, inert, grounded · sacred vibration",Medium Frequency,2026-05-11T11:12:43.997059
https://schema.org,CreativeWork,SAN-1000,Atmatva,atmatva,Shringara,107.8,['Ashwini'],Ketu,Ashwini Kumaras,Sattva,Śuddhi (purification),Darbari,Oṁ atmatvaya namaḥ,"love, beauty, devotion · pure, harmonious, balanced · sacred vibration",Deep Frequency,2026-05-11T11:12:43.997071
https://schema.org,CreativeWork,SAN-1001,Adilaya,adilaya,Hasya,109.6,['Bharani'],Venus,Yama,Rajas,Ārogya (healing),Desh,Oṁ adilayaya namaḥ,"laughter, joy, mirth · active, passionate, dynamic · sacred vibration",Deep Frequency,2026-05-11T11:12:43.998654
https://schema.org,CreativeWork,SAN-1002,Adimaya,adimaya,Karuna,112.4,['Krittika'],Sun,Agni,Tamas,Maitrī (friendship),Bhimpalasi,Oṁ adimayaya namaḥ,"compassion, mercy, empathy · stable, inert, grounded · sacred vibration",High Frequency,2026-05-11T11:12:43.998683
https://schema.org,CreativeWork,SAN-1003,Pranatva,pranatva,Raudra,114.3,['Rohini'],Moon,Prajapati,Sattva,Saṃvedana (intuition),Ahir Bhairav,Oṁ pranatvaya namaḥ,"fury, anger, intensity · pure, harmonious, balanced · sacred vibration",Deep Frequency,2026-05-11T11:12:43.998701
https://schema.org,CreativeWork,SAN-1004,Vedagata,vedagata,Vira,115.8,['Mrigashira'],Mars,Soma,Rajas,Mūla śodhana (root),Khamaj,Oṁ vedagataya namaḥ,"heroism, courage, valor · active, passionate, dynamic · sacred vibration",High Frequency,2026-05-11T11:12:43.998717
https://schema.org,CreativeWork,SAN-1005,Maharupa,maharupa,Bhayanaka,117.6,['Ardra'],Rahu,Rudra,Tamas,Maitrī (friendship),Brindavani Sarang,Oṁ maharupaya namaḥ,"fear, terror, awe · stable, inert, grounded · sacred vibration",Medium Frequency,2026-05-11T11:12:43.998731
https://schema.org,CreativeWork,SAN-1006,Svananda,svananda,Bibhatsa,119.8,['Punarvasu'],Jupiter,Aditi,Sattva,Maitrī (friendship),Bhoop,Oṁ svanandaya namaḥ,"aversion, disgust, repulsion · pure, harmonious, balanced · sacred vibration",Deep Frequency,2026-05-11T11:12:43.998746
https://schema.org,CreativeWork,SAN-1007,Brahmapada,brahmapada,Adbhuta,122.2,['Pushya'],Saturn,Brihaspati,Rajas,Paitṛka (ancestral),Marwa,Oṁ brahmapadaya namaḥ,"wonder, amazement, curiosity · active, passionate, dynamic · sacred vibration",High Frequency,2026-05-11T11:12:43.998758
https://schema.org,CreativeWork,SAN-1008,Mahakara,mahakara,Shanta,124.5,['Ashlesha'],Mercury,Sarpas,Tamas,Saṃvedana (intuition),Darbari,Oṁ mahakaraya namaḥ,"peace, tranquility, stillness · stable, inert, grounded · sacred vibration",High Frequency,2026-05-11T11:12:43.998776
https://schema.org,CreativeWork,SAN-1009,Svarupa,svarupa,Shringara,125.6,['Magha'],Ketu,Pitrs,Sattva,Nāyakatva (leadership),Rageshri,Oṁ svarupaya namaḥ,"love, beauty, devotion · pure, harmonious, balanced · sacred vibration",Deep Frequency,2026-05-11T11:12:43.998789
https://schema.org,CreativeWork,SAN-1010,Chitpada,chitpada,Hasya,127.9,['Purva Phalguni'],Venus,Bhaga,Rajas,Vijaya (victory),Desh,Oṁ chitpadaya namaḥ,"laughter, joy, mirth · active, passionate, dynamic · sacred vibration",High Frequency,2026-05-11T11:12:43.998802
https://schema.org,CreativeWork,SAN-1011,Mahasthiti,mahasthiti,Karuna,130.0,['Uttara Phalguni'],Sun,Aryaman,Tamas,Saṃkṣobha (transformation),Bhimpalasi,Oṁ mahasthitiye namaḥ,"compassion, mercy, empathy · stable, inert, grounded · sacred vibration",High Frequency,2026-05-11T11:12:43.998815
https://schema.org,CreativeWork,SAN-1012,Adirupa,adirupa,Raudra,132.5,['Hasta'],Moon,Savitr,Sattva,Vaivāhika (marriage),Malkauns,Oṁ adirupaya namaḥ,"fury, anger, intensity · pure, harmonious, balanced · sacred vibration",High Frequency,2026-05-11T11:12:43.998828
https://schema.org,CreativeWork,SAN-1013,Svatva,svatva,Vira,133.6,['Chitra'],Mars,Vishwakarma,Rajas,Śuddhi (purification),Brindavani Sarang,Oṁ svatvaya namaḥ,"heroism, courage, valor · active, passionate, dynamic · sacred vibration",Deep Frequency,2026-05-11T11:12:43.998841
https://schema.org,CreativeWork,SAN-1014,Atmapada,atmapada,Bhayanaka,136.1,['Swati'],Rahu,Vayu,Tamas,Kauśala (creativity),Rageshri,Oṁ atmapadaya namaḥ,"fear, terror, awe · stable, inert, grounded · sacred vibration",High Frequency,2026-05-11T11:12:43.998855
https://schema.org,CreativeWork,SAN-1015,Mahasara,mahasara,Bibhatsa,138.3,['Vishakha'],Jupiter,Indra-Agni,Sattva,Nāyakatva (leadership),Bhairav,Oṁ mahasaraya namaḥ,"aversion, disgust, repulsion · pure, harmonious, balanced · sacred vibration",Medium Frequency,2026-05-11T11:12:43.998868
https://schema.org,CreativeWork,SAN-1016,Anandananda,anandananda,Adbhuta,140.0,['Anuradha'],Saturn,Mitra,Rajas,Dhana (wealth),Brindavani Sarang,Oṁ anandanandaya namaḥ,"wonder, amazement, curiosity · active, passionate, dynamic · sacred vibration",Medium Frequency,2026-05-11T11:12:43.998881
https://schema.org,CreativeWork,SAN-1017,Adinanda,adinanda,Shanta,141.6,['Jyeshtha'],Mercury,Indra,Tamas,Saṃvedana (intuition),Kafi,Oṁ adinandaya namaḥ,"peace, tranquility, stillness · stable, inert, grounded · sacred vibration",Deep Frequency,2026-05-11T11:12:43.998893
https://schema.org,CreativeWork,SAN-1018,Adimaya,adimaya,Shringara,144.1,['Mula'],Ketu,Nirriti,Sattva,Śuddhi (purification),Desh,Oṁ adimayaya namaḥ,"love, beauty, devotion · pure, harmonious, balanced · sacred vibration",Deep Frequency,2026-05-11T11:12:43.998909
https://schema.org,CreativeWork,SAN-1019,Brahmapada,brahmapada,Hasya,146.1,['Purva Ashadha'],Venus,Apas,Rajas,Saṃkṣobha (transformation),Bageshree,Oṁ brahmapadaya namaḥ,"laughter, joy, mirth · active, passionate, dynamic · sacred vibration",Medium Frequency,2026-05-11T11:12:43.998921
https://schema.org,CreativeWork,SAN-1020,Anandakara,anandakara,Karuna,148.4,['Uttara Ashadha'],Sun,Vishvedevas,Tamas,Nāyakatva (leadership),Marwa,Oṁ anandakaraya namaḥ,"compassion, mercy, empathy · stable, inert, grounded · sacred vibration",High Frequency,2026-05-11T11:12:43.998934
https://schema.org,CreativeWork,SAN-1021,Anandananda,anandananda,Raudra,150.5,['Shravana'],Moon,Vishnu,Sattva,Maitrī (friendship),Ahir Bhairav,Oṁ anandanandaya namaḥ,"fury, anger, intensity · pure, harmonious, balanced · sacred vibration",Deep Frequency,2026-05-11T11:12:43.998947
https://schema.org,CreativeWork,SAN-1022,Mahalaya,mahalaya,Vira,151.9,['Dhanishtha'],Mars,Vasus,Rajas,Navīkaraṇa (renewal),Desh,Oṁ mahalayaya namaḥ,"heroism, courage, valor · active, passionate, dynamic · sacred vibration",Deep Frequency,2026-05-11T11:12:43.998960
https://schema.org,CreativeWork,SAN-1023,Svamaya,svamaya,Bhayanaka,153.6,['Shatabhisha'],Rahu,Varuna,Tamas,Vijaya (victory),Hamsadhwani,Oṁ svamayaya namaḥ,"fear, terror, awe · stable, inert, grounded · sacred vibration",Deep Frequency,2026-05-11T11:12:43.998972
https://schema.org,CreativeWork,SAN-1024,Atmamaya,atmamaya,Bibhatsa,155.8,['Purva Bhadrapada'],Jupiter,Aja Ekapada,Sattva,Navīkaraṇa (renewal),Ahir Bhairav,Oṁ atmamayaya namaḥ,"aversion, disgust, repulsion · pure, harmonious, balanced · sacred vibration",Deep Frequency,2026-05-11T11:12:43.998984
https://schema.org,CreativeWork,SAN-1025,Pranarupa,pranarupa,Adbhuta,158.3,['Uttara Bhadrapada'],Saturn,Ahirbudhnya,Rajas,Vijaya (victory),Marwa,Oṁ pranarupaya namaḥ,"wonder, amazement, curiosity · active, passionate, dynamic · sacred vibration",High Frequency,2026-05-11T11:12:43.998996
https://schema.org,CreativeWork,SAN-1026,Vedalaya,vedalaya,Shanta,160.4,['Revati'],Mercury,Pushan,Tamas,Ārogya (healing),Desh,Oṁ vedalayaya namaḥ,"peace, tranquility, stillness · stable, inert, grounded · sacred vibration",High Frequency,2026-05-11T11:12:43.999009
https://schema.org,CreativeWork,SAN-1027,Mahatva,mahatva,Shringara,107.9,['Ashwini'],Ketu,Ashwini Kumaras,Sattva,Śuddhi (purification),Khamaj,Oṁ mahatvaya namaḥ,"love, beauty, devotion · pure, harmonious, balanced · sacred vibration",Deep Frequency,2026-05-11T11:12:43.999021
https://schema.org,CreativeWork,SAN-1028,Pranananda,pranananda,Hasya,110.2,['Bharani'],Venus,Yama,Rajas,Saṃkṣobha (transformation),Darbari,Oṁ prananandaya namaḥ,"laughter, joy, mirth · active, passionate, dynamic · sacred vibration",High Frequency,2026-05-11T11:12:43.999035
https://schema.org,CreativeWork,SAN-1029,Pranakara,pranakara,Karuna,112.4,['Krittika'],Sun,Agni,Tamas,Pauṣṭi (nourishment),Bhairav,Oṁ pranakaraya namaḥ,"compassion, mercy, empathy · stable, inert, grounded · sacred vibration",Deep Frequency,2026-05-11T11:12:43.999048
https://schema.org,CreativeWork,SAN-1030,Brahmalaya,brahmalaya,Raudra,114.3,['Rohini'],Moon,Prajapati,Sattva,Śilpa (art),Ahir Bhairav,Oṁ brahmalayaya namaḥ,"fury, anger, intensity · pure, harmonious, balanced · sacred vibration",Medium Frequency,2026-05-11T11:12:43.999066
https://schema.org,CreativeWork,SAN-1031,Paragata,paragata,Vira,115.8,['Mrigashira'],Mars,Soma,Rajas,Pauṣṭi (nourishment),Shankara,Oṁ paragataya namaḥ,"heroism, courage, valor · active, passionate, dynamic · sacred vibration",High Frequency,2026-05-11T11:12:43.999078
https://schema.org,CreativeWork,SAN-1032,Pranasthiti,pranasthiti,Bhayanaka,117.7,['Ardra'],Rahu,Rudra,Tamas,Paitṛka (ancestral),Malkauns,Oṁ pranasthitiye namaḥ,"fear, terror, awe · stable, inert, grounded · sacred vibration",Medium Frequency,2026-05-11T11:12:43.999090
https://schema.org,CreativeWork,SAN-1033,Svalaya,svalaya,Bibhatsa,119.6,['Punarvasu'],Jupiter,Aditi,Sattva,Navīkaraṇa (renewal),Kafi,Oṁ svalayaya namaḥ,"aversion, disgust, repulsion · pure, harmonious, balanced · sacred vibration",High Frequency,2026-05-11T11:12:43.999102
https://schema.org,CreativeWork,SAN-1034,Parapada,parapada,Adbhuta,122.1,['Pushya'],Saturn,Brihaspati,Rajas,Maitrī (friendship),Bhoop,Oṁ parapadaya namaḥ,"wonder, amazement, curiosity · active, passionate, dynamic · sacred vibration",High Frequency,2026-05-11T11:12:43.999115
https://schema.org,CreativeWork,SAN-1035,Chitgata,chitgata,Shanta,124.4,['Ashlesha'],Mercury,Sarpas,Tamas,Parivartana (transformation),Brindavani Sarang,Oṁ chitgataya namaḥ,"peace, tranquility, stillness · stable, inert, grounded · sacred vibration",Deep Frequency,2026-05-11T11:12:43.999127
https://schema.org,CreativeWork,SAN-1036,Vedasthiti,vedasthiti,Shringara,125.9,['Magha'],Ketu,Pitrs,Sattva,Śilpa (art),Todi,Oṁ vedasthitiye namaḥ,"love, beauty, devotion · pure, harmonious, balanced · sacred vibration",Medium Frequency,2026-05-11T11:12:43.999139
https://schema.org,CreativeWork,SAN-1037,Anandarupa,anandarupa,Hasya,128.2,['Purva Phalguni'],Venus,Bhaga,Rajas,Saṃvedana (intuition),Khamaj,Oṁ anandarupaya namaḥ,"laughter, joy, mirth · active, passionate, dynamic · sacred vibration",Medium Frequency,2026-05-11T11:12:43.999151
https://schema.org,CreativeWork,SAN-1038,Brahmamaya,brahmamaya,Karuna,130.2,['Uttara Phalguni'],Sun,Aryaman,Tamas,Mūla śodhana (root),Yaman,Oṁ brahmamayaya namaḥ,"compassion, mercy, empathy · stable, inert, grounded · sacred vibration",Deep Frequency,2026-05-11T11:12:43.999165
https://schema.org,CreativeWork,SAN-1039,Parakara,parakara,Raudra,131.8,['Hasta'],Moon,Savitr,Sattva,Dhana (wealth),Yaman,Oṁ parakaraya namaḥ,"fury, anger, intensity · pure, harmonious, balanced · sacred vibration",Medium Frequency,2026-05-11T11:12:43.999179
https://schema.org,CreativeWork,SAN-1040,Anandamaya,anandamaya,Vira,133.7,['Chitra'],Mars,Vishwakarma,Rajas,Śodhana (purification),Yaman,Oṁ anandamayaya namaḥ,"heroism, courage, valor · active, passionate, dynamic · sacred vibration",Medium Frequency,2026-05-11T11:12:43.999195
https://schema.org,CreativeWork,SAN-1041,Svapada,svapada,Bhayanaka,136.0,['Swati'],Rahu,Vayu,Tamas,Kauśala (creativity),Malkauns,Oṁ svapadaya namaḥ,"fear, terror, awe · stable, inert, grounded · sacred vibration",Deep Frequency,2026-05-11T11:12:43.999209
https://schema.org,CreativeWork,SAN-1042,Pranarupa,pranarupa,Bibhatsa,138.3,['Vishakha'],Jupiter,Indra-Agni,Sattva,Kauśala (creativity),Malkauns,Oṁ pranarupaya namaḥ,"aversion, disgust, repulsion · pure, harmonious, balanced · sacred vibration",Medium Frequency,2026-05-11T11:12:43.999222
https://schema.org,CreativeWork,SAN-1043,Pranagata,pranagata,Adbhuta,140.3,['Anuradha'],Saturn,Mitra,Rajas,Śakti (power),Bhairav,Oṁ pranagataya namaḥ,"wonder, amazement, curiosity · active, passionate, dynamic · sacred vibration",High Frequency,2026-05-11T11:12:43.999234
https://schema.org,CreativeWork,SAN-1044,Atmapada,atmapada,Shanta,142.1,['Jyeshtha'],Mercury,Indra,Tamas,Śilpa (art),Desh,Oṁ atmapadaya namaḥ,"peace, tranquility, stillness · stable, inert, grounded · sacred vibration",High Frequency,2026-05-11T11:12:43.999247
https://schema.org,CreativeWork,SAN-1045,Adinanda,adinanda,Shringara,144.0,['Mula'],Ketu,Nirriti,Sattva,Parivartana (transformation),Yaman,Oṁ adinandaya namaḥ,"love, beauty, devotion · pure, harmonious, balanced · sacred vibration",Medium Frequency,2026-05-11T11:12:43.999259
https://schema.org,CreativeWork,SAN-1046,Anandananda,anandananda,Hasya,145.9,['Purva Ashadha'],Venus,Apas,Rajas,Saṃkṣobha (transformation),Hamsadhwani,Oṁ anandanandaya namaḥ,"laughter, joy, mirth · active, passionate, dynamic · sacred vibration",Deep Frequency,2026-05-11T11:12:43.999272
https://schema.org,CreativeWork,SAN-1047,Chitrupa,chitrupa,Karuna,148.4,['Uttara Ashadha'],Sun,Vishvedevas,Tamas,Saṃkṣobha (transformation),Hamsadhwani,Oṁ chitrupaya namaḥ,"compassion, mercy, empathy · stable, inert, grounded · sacred vibration",Medium Frequency,2026-05-11T11:12:43.999284
https://schema.org,CreativeWork,SAN-1048,Pranasthiti,pranasthiti,Raudra,150.1,['Shravana'],Moon,Vishnu,Sattva,Saṃvedana (intuition),Bageshree,Oṁ pranasthitiye namaḥ,"fury, anger, intensity · pure, harmonious, balanced · sacred vibration",Deep Frequency,2026-05-11T11:12:43.999298
https://schema.org,CreativeWork,SAN-1049,Adikara,adikara,Vira,151.9,['Dhanishtha'],Mars,Vasus,Rajas,Nāyakatva (leadership),Ahir Bhairav,Oṁ adikaraya namaḥ,"heroism, courage, valor · active, passionate, dynamic · sacred vibration",High Frequency,2026-05-11T11:12:43.999310
https://schema.org,CreativeWork,SAN-1050,Adilaya,adilaya,Bhayanaka,154.1,['Shatabhisha'],Rahu,Varuna,Tamas,Mūla śodhana (root),Ahir Bhairav,Oṁ adilayaya namaḥ,"fear, terror, awe · stable, inert, grounded · sacred vibration",Medium Frequency,2026-05-11T11:12:43.999323
